,IYEAR,OPERATOR_ID,NAME,LOCAL_DATETIME,LOCATION_LATITUDE,LOCATION_LONGITUDE,COMMODITY_RELEASED_TYPE,COMMODITY_SUBTYPE,COMMODITY_DETAILS,UNINTENTIONAL_RELEASE_BBLS,INTENTIONAL_RELEASE_BBLS,RECOVERED_BBLS,FATAL,INJURE,SHUTDOWN_DUE_ACCIDENT_IND,SHUTDOWN_EXPLAIN,SHUTDOWN_DATETIME,RESTART_DATETIME,NUM_PUB_EVACUATED,INCIDENT_IDENTIFIED_DATETIME,LOCATION_TYPE,INCIDENT_AREA_TYPE,INSTALLATION_YEAR,MATERIAL_INVOLVED,RELEASE_TYPE,PUNCTURE_AXIAL,PUNCTURE_CIRCUM,LEAK_TYPE,LEAK_TYPE_OTHER,WILDLIFE_IMPACT_IND,SOIL_CONTAMINATION,LONG_TERM_ASSESSMENT,REMEDIATION_IND,SOIL_REMED_IND,WATER_CONTAM_IND,OTHER_POP_IND,OTHER_POP_YES_NO,USA_DRINKING_IND,USA_DRINKING_YES_NO,EST_COST_GAS_RELEASED,EST_COST_PROP_DAMAGE,EST_COST_EMERGENCY,EST_COST_ENVIRONMENTAL,EST_COST_OTHER,PART_C_QUESTION_2_IND,CAUSE,CAUSE_DETAILS,net_spill
0,2021,30829,ENTERPRISE CRUDE PIPELINE LLC,6/6/21 8:19,28.94625,-95.42365,CRUDE OIL,,,1.5,,1.5,,,NO,NO MOVEMENTS WERE IN PROGRESS AT TIME OF DISCOVERY.,,,0.0,6/6/21 8:19,TOTALLY CONTAINED ON OPERATOR-CONTROLLED PROPERTY,ABOVEGROUND,2019.0,CARBON STEEL,LEAK,,,OTHER,UNDER INVESTIGATOIN,NO,YES,NO,NO,,NO,,,YES,YES,0.0,2000.0,21000.0,10000.0,0.0,NO,OTHER INCIDENT CAUSE,UNKNOWN,
1,2021,39596,PERMIAN EXPRESS PARTNERS LLC,6/5/21 1:00,29.989279,-94.002547,CRUDE OIL,,,4.0,,4.0,,,YES,,6/5/21 1:30,6/5/21 3:30,0.0,6/5/21 1:30,"ORIGINATED ON OPERATOR-CONTROLLED PROPERTY, BUT THEN FLOWED OR MIGRATED OFF THE PROPERTY",ABOVEGROUND,2018.0,CARBON STEEL,LEAK,,,SEAL OR PACKING,,NO,YES,NO,YES,YES,NO,,,,,240.0,1000.0,500.0,2000.0,0.0,NO,EQUIPMENT FAILURE,DEFECTIVE OR LOOSE TUBING OR FITTING,
2,2021,31476,"ROSE ROCK MIDSTREAM OPERATING, LLC",6/4/21 10:39,35.927207,-96.760283,CRUDE OIL,,,0.5,,0.5,,,YES,,6/4/21 10:41,6/4/21 12:29,0.0,6/4/21 10:39,NO,TOTALLY CONTAINED ON OPERATOR-CONTROLLED PROPERTY,,2021,RUBBER,LEAK,,,SEAL OR PACKING,,,YES,NO,,,,,,,0.0,35.0,3000.0,2500.0,1500.0,,,EQUIPMENT FAILURE,
3,2021,4906,EXXONMOBIL PIPELINE CO,5/30/21 12:50,29.8431583,-95.2308028,REFINED AND/OR PETROLEUM PRODUCT (NON-HVL) WHICH IS A LIQUID AT AMBIENT CONDITIONS,GASOLINE (NON-ETHANOL),,640.0,,50.0,,,YES,,5/30/21 6:17,,0.0,5/30/21 12:50,PIPELINE RIGHT-OF-WAY,UNDERGROUND,1960.0,CARBON STEEL,RUPTURE,,,,,NO,YES,YES,YES,YES,YES,YES,YES,YES,YES,1400.0,1140000.0,2608000.0,1631000.0,0.0,YES,MATERIAL FAILURE OF PIPE OR WELD,"CONSTRUCTION-, INSTALLATION-, OR FABRICATION-RELATED",
4,2021,26061,"DELEK CRUDE LOGISTICS, LLC.",5/24/21 14:49,32.47973,-94.83668,CRUDE OIL,,,15.0,,15.0,,,YES,,5/24/21 14:54,5/26/21 12:00,0.0,5/24/21 14:49,TOTALLY CONTAINED ON OPERATOR-CONTROLLED PROPERTY,ABOVEGROUND,1979.0,CARBON STEEL,OVERFILL OR OVERFLOW,,,,,NO,NO,NO,NO,,NO,,,,,1000.0,10000.0,10000.0,0.0,0.0,NO,EQUIPMENT FAILURE,MALFUNCTION OF CONTROL/RELIEF EQUIPMENT,
5,2021,31618,ENTERPRISE PRODUCTS OPERATING LLC,5/20/21 13:50,36.182675,-102.05046,HVL OR OTHER FLAMMABLE OR TOXIC FLUID WHICH IS A GAS AT AMBIENT CONDITIONS,LPG (LIQUEFIED PETROLEUM GAS)  /  NGL (NATURAL GAS LIQUID),,5.0,1.0,0.0,,,YES,,5/20/21 13:50,5/20/21 20:15,0.0,5/20/21 13:50,TOTALLY CONTAINED ON OPERATOR-CONTROLLED PROPERTY,ABOVEGROUND,2019.0,MATERIAL OTHER THAN CARBON STEEL,LEAK,,,SEAL OR PACKING,,NO,NO,NO,NO,,NO,,,,,840.0,15200.0,0.0,0.0,0.0,NO,EQUIPMENT FAILURE,PUMP OR PUMP-RELATED EQUIPMENT,6.0
6,2021,39504,"MAGELLAN CRUDE OIL PIPELINE COMPANY, L.P.",5/20/21 7:25,29.797146,-95.279005,CRUDE OIL,,,0.95,,0.95,,,NO,THE TANK WAS ISOLATED FROM THE SYSTEM.,,,0.0,5/20/21 7:25,TOTALLY CONTAINED ON OPERATOR-CONTROLLED PROPERTY,ABOVEGROUND,2014.0,MATERIAL OTHER THAN CARBON STEEL,LEAK,,,SEAL OR PACKING,,NO,NO,NO,NO,,NO,,,,,60.0,25000.0,1000.0,0.0,0.0,NO,EQUIPMENT FAILURE,NON-THREADED CONNECTION FAILURE,
7,2021,39183,"MEDALLION OPERATING COMPANY, LLC",5/19/21 16:45,31.85689,-101.430095,CRUDE OIL,,,8.0,,8.0,,,NO,THE RELEASE WAS ISOLATED,,,0.0,5/19/21 15:00,TOTALLY CONTAINED ON OPERATOR-CONTROLLED PROPERTY,ABOVEGROUND,2016.0,CARBON STEEL,LEAK,,,SEAL OR PACKING,,NO,YES,NO,YES,YES,NO,,,,,503.0,6500.0,300.0,11000.0,0.0,NO,EQUIPMENT FAILURE,NON-THREADED CONNECTION FAILURE,
8,2021,39706,SUNOCO PARTNERS MARKETING & TERMINALS LP,5/19/21 9:30,29.992544,-93.992222,CRUDE OIL,,,0.5,,0.5,,,NO,ROOF DRAIN CLOSED,,,0.0,5/19/21 9:30,TOTALLY CONTAINED ON OPERATOR-CONTROLLED PROPERTY,"TANK, INCLUDING ATTACHED APPURTENANCES",1956.0,CARBON STEEL,OTHER,,,,,NO,YES,NO,YES,YES,NO,,,,,50.0,0.0,1000.0,1300.0,0.0,NO,NATURAL FORCE DAMAGE,HEAVY RAINS/FLOODS,
9,2021,39535,TORRANCE PIPELINE COMPANY LLC,5/18/21 10:33,33.804229,-118.28371,CRUDE OIL,,,1.0,,1.0,,,NO,THIS LATERAL SEGMENT WAS NOT IN OPERATION AT THE TIME OF DISCOVERY,,,0.0,5/18/21 10:16,TOTALLY CONTAINED ON OPERATOR-CONTROLLED PROPERTY,ABOVEGROUND,2000.0,CARBON STEEL,LEAK,,,PINHOLE,,NO,YES,NO,NO,,NO,,,YES,YES,0.0,26190.0,53100.0,0.0,0.0,NO,OTHER INCIDENT CAUSE,UNKNOWN,
10,2021,31684,PHILLIPS 66 PIPELINE LLC,5/18/21 7:00,29.7188,-95.17722,REFINED AND/OR PETROLEUM PRODUCT (NON-HVL) WHICH IS A LIQUID AT AMBIENT CONDITIONS,"DIESEL, FUEL OIL, KEROSENE, JET FUEL",,0.9,,0.9,,,YES,,5/18/21 7:10,5/18/21 14:00,0.0,5/18/21 7:00,TOTALLY CONTAINED ON OPERATOR-CONTROLLED PROPERTY,"TANK, INCLUDING ATTACHED APPURTENANCES",2019.0,CARBON STEEL,LEAK,,,OTHER,THURUST BEARING FAILURE,NO,YES,NO,NO,,NO,,,YES,YES,75.0,10000.0,5000.0,0.0,0.0,NO,EQUIPMENT FAILURE,OTHER EQUIPMENT FAILURE,
11,2021,31130,DCP MIDSTREAM,5/17/21 12:05,29.133392,-95.803825,HVL OR OTHER FLAMMABLE OR TOXIC FLUID WHICH IS A GAS AT AMBIENT CONDITIONS,LPG (LIQUEFIED PETROLEUM GAS)  /  NGL (NATURAL GAS LIQUID),,11.0,22.5,0.0,,,YES,,5/17/21 12:05,5/17/21 18:05,0.0,5/17/21 11:16,TOTALLY CONTAINED ON OPERATOR-CONTROLLED PROPERTY,ABOVEGROUND,2020.0,MATERIAL OTHER THAN CARBON STEEL,LEAK,,,SEAL OR PACKING,,NO,NO,NO,NO,,NO,,,,,301.0,200.0,0.0,0.0,0.0,YES,EQUIPMENT FAILURE,NON-THREADED CONNECTION FAILURE,33.5
12,2021,30829,ENTERPRISE CRUDE PIPELINE LLC,5/16/21 14:00,31.4331,-102.4379,CRUDE OIL,,,0.24,,0.24,,,YES,,5/16/21 14:05,5/16/21 19:00,0.0,5/16/21 14:00,TOTALLY CONTAINED ON OPERATOR-CONTROLLED PROPERTY,ABOVEGROUND,2007.0,CARBON STEEL,LEAK,,,SEAL OR PACKING,,NO,YES,NO,YES,YES,NO,,,,,16.0,5000.0,1200.0,0.0,0.0,NO,EQUIPMENT FAILURE,NON-THREADED CONNECTION FAILURE,
13,2021,300,"PLAINS PIPELINE, L.P.",5/16/21 12:40,27.9116451,-97.4153641,CRUDE OIL,,,0.9,,0.9,,,YES,,5/16/21 13:05,5/16/21 18:55,0.0,5/16/21 12:58,TOTALLY CONTAINED ON OPERATOR-CONTROLLED PROPERTY,ABOVEGROUND,2019.0,CARBON STEEL,LEAK,,,PINHOLE,,NO,YES,NO,NO,,NO,,,,,65.0,25000.0,2250.0,0.0,0.0,NO,OTHER INCIDENT CAUSE,UNKNOWN,
14,2021,39068,"FIELDWOOD ENERGY, LLC",5/14/21 17:15,29.203056,-89.043611,CRUDE OIL,,,6.0,,4.0,,,YES,,5/15/21 14:56,5/31/21 14:00,0.0,5/15/21 0:00,TOTALLY CONTAINED ON OPERATOR-CONTROLLED PROPERTY,UNDERGROUND,,CARBON STEEL,MECHANICAL PUNCTURE,4,0.1,,,NO,NO,YES,NO,,YES,,,,,420.0,500000.0,200000.0,100000.0,0.0,YES,OTHER OUTSIDE FORCE DAMAGE,OTHER OUTSIDE FORCE DAMAGE,
15,2021,2170,CENEX PIPELINE LLC,5/11/21 10:17,47.014696,-97.196908,REFINED AND/OR PETROLEUM PRODUCT (NON-HVL) WHICH IS A LIQUID AT AMBIENT CONDITIONS,GASOLINE (NON-ETHANOL),,0.7,,0.7,,,NO,PIPELINE SEGMENT WAS NOT OPERATING AT THE TIME OF THE RELEASE.,,,0.0,5/11/21 10:17,PIPELINE RIGHT-OF-WAY,ABOVEGROUND,2018.0,CARBON STEEL,LEAK,,,OTHER,BV BODY BLEED VALVE,NO,YES,NO,NO,,NO,,,,,100.0,0.0,15000.0,0.0,500.0,YES,OTHER INCIDENT CAUSE,MISCELLANEOUS,
16,2021,39504,"MAGELLAN CRUDE OIL PIPELINE COMPANY, L.P.",5/10/21 16:45,31.425864,-102.373901,CRUDE OIL,,,0.5,,0.5,,,NO,MAINLINE OPERATIONS WERE NOT IMPACTED BY THIS EVENT.,,,0.0,5/10/21 16:45,TOTALLY CONTAINED ON OPERATOR-CONTROLLED PROPERTY,ABOVEGROUND,2021.0,CARBON STEEL,LEAK,,,CONNECTION FAILURE,,NO,YES,NO,NO,,NO,,,,,100.0,0.0,5000.0,0.0,0.0,NO,EQUIPMENT FAILURE,DEFECTIVE OR LOOSE TUBING OR FITTING,
17,2021,39589,"STATELINE CRUDE, LLC",5/4/21 19:02,31.95389,-103.7217,CRUDE OIL,,,35.0,,35.0,,,YES,,5/4/21 19:03,,0.0,5/4/21 19:02,PIPELINE RIGHT-OF-WAY,UNDERGROUND,2016.0,CARBON STEEL,LEAK,,,PINHOLE,,NO,YES,NO,YES,YES,NO,,,,,2275.0,50000.0,0.0,300000.0,120000.0,YES,OTHER INCIDENT CAUSE,UNKNOWN,
18,2021,39596,PERMIAN EXPRESS PARTNERS LLC,5/3/21 7:40,32.53136,-100.828848,CRUDE OIL,,,4.0,,4.0,,,NO,RELIEF WAS LINE WAS ISOLATED AND FLOW ON MAINLINE WAS REDUCED,,,0.0,5/3/21 7:35,TOTALLY CONTAINED ON OPERATOR-CONTROLLED PROPERTY,UNDERGROUND,2015.0,CARBON STEEL,LEAK,,,PINHOLE,,NO,YES,NO,YES,YES,NO,,,,,0.0,500.0,2500.0,7000.0,0.0,NO,CORROSION FAILURE,INTERNAL CORROSION,
19,2021,300,"PLAINS PIPELINE, L.P.",5/2/21 12:45,32.08157518,-103.17905,CRUDE OIL,,,2.7,,2.7,,,YES,,5/2/21 12:50,5/2/21 19:44,0.0,5/2/21 12:50,TOTALLY CONTAINED ON OPERATOR-CONTROLLED PROPERTY,ABOVEGROUND,,MATERIAL OTHER THAN CARBON STEEL,LEAK,,,CONNECTION FAILURE,,NO,YES,NO,NO,,NO,,,,,170.0,25.0,7820.0,0.0,0.0,NO,INCORRECT OPERATION,PIPELINE OR EQUIPMENT OVERPRESSURED,
20,2021,32614,"WILLIAMS OLEFINS FEEDSTOCK PIPELINES, LLC",5/2/21 7:52,30.271667,-93.1575,HVL OR OTHER FLAMMABLE OR TOXIC FLUID WHICH IS A GAS AT AMBIENT CONDITIONS,OTHER HVL,ETHANE,211.0,0.0,0.0,,,YES,,5/2/21 9:50,5/12/21 15:56,0.0,5/2/21 7:52,TOTALLY CONTAINED ON OPERATOR-CONTROLLED PROPERTY,ABOVEGROUND,,CARBON STEEL,MECHANICAL PUNCTURE,0.3,0.8,,,NO,NO,NO,NO,,NO,,,,,2600.0,4000.0,0.0,0.0,0.0,NO,EQUIPMENT FAILURE,PUMP OR PUMP-RELATED EQUIPMENT,211.0
21,2021,39596,PERMIAN EXPRESS PARTNERS LLC,5/1/21 7:40,32.530329,-100.829707,CRUDE OIL,,,2.0,,2.0,,,NO,PIPELINE WAS SHUT DOWN FOR FIRST OF THE MONTH GAUGING ACTIVITIES,,,0.0,5/1/21 7:40,TOTALLY CONTAINED ON OPERATOR-CONTROLLED PROPERTY,UNDERGROUND,2015.0,CARBON STEEL,LEAK,,,PINHOLE,,NO,YES,NO,YES,YES,NO,,,,,0.0,500.0,2500.0,7000.0,0.0,NO,CORROSION FAILURE,INTERNAL CORROSION,
22,2021,18718,SUNOCO PIPELINE L.P.,4/30/21 11:30,32.070826,-96.474161,CRUDE OIL,,,0.8,,0.8,,,NO,CRUDE WAS REROUTED THROUGH OTHER PIPING IN THE STATION,,,0.0,4/30/21 11:45,TOTALLY CONTAINED ON OPERATOR-CONTROLLED PROPERTY,ABOVEGROUND,1953.0,CARBON STEEL,OVERFILL OR OVERFLOW,,,,,NO,YES,NO,YES,YES,NO,YES,YES,,,50.0,10926.0,4000.0,1000.0,0.0,NO,EQUIPMENT FAILURE,MALFUNCTION OF CONTROL/RELIEF EQUIPMENT,
23,2021,30829,ENTERPRISE CRUDE PIPELINE LLC,4/28/21 13:35,32.0004,-102.2698,CRUDE OIL,,,4.0,,4.0,,,YES,,4/28/21 13:43,4/28/21 15:27,0.0,4/28/21 13:35,TOTALLY CONTAINED ON OPERATOR-CONTROLLED PROPERTY,ABOVEGROUND,2014.0,CARBON STEEL,OVERFILL OR OVERFLOW,,,,,NO,YES,NO,YES,YES,NO,,,,,250.0,5000.0,1300.0,0.0,0.0,NO,EQUIPMENT FAILURE,MALFUNCTION OF CONTROL/RELIEF EQUIPMENT,
24,2021,32614,"WILLIAMS OLEFINS FEEDSTOCK PIPELINES, LLC",4/28/21 12:00,30.31126,-92.8779,HVL OR OTHER FLAMMABLE OR TOXIC FLUID WHICH IS A GAS AT AMBIENT CONDITIONS,OTHER HVL,ETHANE,17.0,0.0,0.0,,,NO,ISOLATED FEED VALVE TO YALE CAP,,,0.0,4/26/21 8:00,TOTALLY CONTAINED ON OPERATOR-CONTROLLED PROPERTY,ABOVEGROUND,1970.0,CARBON STEEL,LEAK,,,CONNECTION FAILURE,,NO,NO,NO,NO,,NO,,,,,63.0,500.0,0.0,0.0,0.0,YES,EQUIPMENT FAILURE,THREADED CONNECTION/COUPLING FAILURE,17.0
25,2021,12628,MOBIL  PIPE  LINE COMPANY,4/26/21 15:31,30.067191,-94.708063,HVL OR OTHER FLAMMABLE OR TOXIC FLUID WHICH IS A GAS AT AMBIENT CONDITIONS,OTHER HVL,REFINERY-GRADE PROPYLENE,0.14,0.0,0.0,,,YES,,4/26/21 10:39,4/26/21 12:50,0.0,4/26/21 10:00,TOTALLY CONTAINED ON OPERATOR-CONTROLLED PROPERTY,ABOVEGROUND,1971.0,CARBON STEEL,LEAK,,,SEAL OR PACKING,,NO,NO,NO,NO,,NO,,,,,21.0,247.0,0.0,0.0,0.0,YES,EQUIPMENT FAILURE,OTHER EQUIPMENT FAILURE,0.14
26,2021,31684,PHILLIPS 66 PIPELINE LLC,4/23/21 10:08,36.79052,-97.5923,HVL OR OTHER FLAMMABLE OR TOXIC FLUID WHICH IS A GAS AT AMBIENT CONDITIONS,LPG (LIQUEFIED PETROLEUM GAS)  /  NGL (NATURAL GAS LIQUID),,1.19,0.0,0.0,,,YES,,4/23/21 12:49,4/29/21 12:15,0.0,4/23/21 12:46,PIPELINE RIGHT-OF-WAY,UNDERGROUND,1963.0,CARBON STEEL,LEAK,,,PINHOLE,,NO,NO,NO,NO,,NO,,,,,45.0,7500.0,2200.0,0.0,0.0,YES,CORROSION FAILURE,EXTERNAL CORROSION,1.19
27,2021,18718,SUNOCO PIPELINE L.P.,4/23/21 9:00,32.070282,-96.474712,CRUDE OIL,,,10.0,,10.0,,,NO,CRUDE WAS REROUTED THROUGH OTHER PIPING IN THE STATION,,,0.0,4/23/21 9:30,TOTALLY CONTAINED ON OPERATOR-CONTROLLED PROPERTY,ABOVEGROUND,2015.0,CARBON STEEL,LEAK,,,PINHOLE,,NO,YES,NO,YES,YES,NO,YES,YES,,,640.0,0.0,15900.0,0.0,0.0,NO,CORROSION FAILURE,INTERNAL CORROSION,
28,2021,22610,"MAGELLAN PIPELINE COMPANY, LP",4/22/21 9:15,36.130839,-96.024393,REFINED AND/OR PETROLEUM PRODUCT (NON-HVL) WHICH IS A LIQUID AT AMBIENT CONDITIONS,"DIESEL, FUEL OIL, KEROSENE, JET FUEL",,5.0,,5.0,,,NO,TANK AND LINE WERE ISOLATED,,,0.0,4/22/21 9:15,TOTALLY CONTAINED ON OPERATOR-CONTROLLED PROPERTY,ABOVEGROUND,2020.0,MATERIAL OTHER THAN CARBON STEEL,LEAK,,,CRACK,,NO,YES,NO,NO,,NO,,,,,300.0,20000.0,25000.0,0.0,0.0,NO,EQUIPMENT FAILURE,OTHER EQUIPMENT FAILURE,
29,2021,22855,"FLINT HILLS RESOURCES, LC",4/21/21 20:38,29.280951,-97.778427,CRUDE OIL,,,60.0,,2.0,,,YES,,4/21/21 18:30,5/7/21 17:00,0.0,5/4/21 9:23,PIPELINE RIGHT-OF-WAY,UNDERGROUND,1982.0,CARBON STEEL,LEAK,,,PINHOLE,,NO,YES,NO,NO,,NO,,,,,3704.0,52369.0,170625.0,14978.0,0.0,YES,CORROSION FAILURE,INTERNAL CORROSION,
30,2021,31174,"SHELL PIPELINE CO., L.P.",4/21/21 9:00,29.715556,-95.180556,REFINED AND/OR PETROLEUM PRODUCT (NON-HVL) WHICH IS A LIQUID AT AMBIENT CONDITIONS,GASOLINE (NON-ETHANOL),,42.0,,42.0,,,NO,NOT REQUIRED,,,0.0,4/21/21 9:00,TOTALLY CONTAINED ON OPERATOR-CONTROLLED PROPERTY,"TANK, INCLUDING ATTACHED APPURTENANCES",1972.0,CARBON STEEL,LEAK,,,OTHER,WELD CRACK,NO,NO,NO,NO,,NO,,,,,0.0,25000.0,25000.0,0.0,200000.0,NO,INCORRECT OPERATION,EQUIPMENT NOT INSTALLED PROPERLY,
31,2021,30829,ENTERPRISE CRUDE PIPELINE LLC,4/20/21 14:00,29.348466,-94.938936,CRUDE OIL,,,1.0,,1.0,,,NO,SEGMENT WAS DOWN AT TIME OF DISCOVERY.,,,0.0,4/20/21 14:00,TOTALLY CONTAINED ON OPERATOR-CONTROLLED PROPERTY,UNDERGROUND,2012.0,CARBON STEEL,LEAK,,,OTHER,UNDER INVESTIGATION,NO,YES,NO,NO,,NO,,,,,100.0,100000.0,75000.0,50000.0,0.0,YES,OTHER INCIDENT CAUSE,UNKNOWN,
32,2021,11169,"ENBRIDGE ENERGY, LIMITED PARTNERSHIP",4/20/21 10:30,42.812771,-83.387771,CRUDE OIL,,,0.12,,0.12,,,YES,,4/20/21 10:40,4/20/21 14:51,0.0,4/20/21 10:30,TOTALLY CONTAINED ON OPERATOR-CONTROLLED PROPERTY,ABOVEGROUND,2014.0,CARBON STEEL,LEAK,,,SEAL OR PACKING,,NO,NO,NO,NO,,NO,YES,YES,,,4.0,20000.0,1125.0,0.0,0.0,NO,OTHER INCIDENT CAUSE,UNKNOWN,
33,2021,1845,"BUCKEYE PARTNERS, LP",4/19/21 18:30,40.5121785,-74.2919789,REFINED AND/OR PETROLEUM PRODUCT (NON-HVL) WHICH IS A LIQUID AT AMBIENT CONDITIONS,GASOLINE (NON-ETHANOL),,3.0,,3.0,,,NO,THIS WAS DURING A TANK TO TANK TRANSFER,,,0.0,4/19/21 18:30,TOTALLY CONTAINED ON OPERATOR-CONTROLLED PROPERTY,ABOVEGROUND,2021.0,CARBON STEEL,OTHER,,,,,NO,NO,NO,NO,,NO,,,YES,YES,0.0,0.0,12700.0,0.0,0.0,NO,INCORRECT OPERATION,OTHER INCORRECT OPERATION,
34,2021,39145,ENBRIDGE STORAGE (CUSHING) L.L.C.,4/19/21 17:10,35.945081,-96.760319,CRUDE OIL,,,0.18,,0.18,,,NO,MANIFOLD AREA WAS ISOLATED,,,0.0,4/19/21 17:10,TOTALLY CONTAINED ON OPERATOR-CONTROLLED PROPERTY,ABOVEGROUND,,MATERIAL OTHER THAN CARBON STEEL,LEAK,,,SEAL OR PACKING,,NO,YES,NO,NO,,NO,,,,,11.0,11258.0,2260.0,21500.0,0.0,NO,EQUIPMENT FAILURE,OTHER EQUIPMENT FAILURE,
35,2021,300,"PLAINS PIPELINE, L.P.",4/16/21 12:00,31.599108,-103.17198,CRUDE OIL,,,0.2,,0.2,,,YES,,4/19/21 14:03,4/19/21 18:22,0.0,4/19/21 14:02,TOTALLY CONTAINED ON OPERATOR-CONTROLLED PROPERTY,ABOVEGROUND,2019.0,MATERIAL OTHER THAN CARBON STEEL,LEAK,,,SEAL OR PACKING,,NO,NO,NO,NO,,NO,,,,,0.0,500.0,1000.0,0.0,0.0,NO,EQUIPMENT FAILURE,PUMP OR PUMP-RELATED EQUIPMENT,
36,2021,300,"PLAINS PIPELINE, L.P.",4/16/21 10:16,32.993863,-102.790247,CRUDE OIL,,,0.5,,0.0,,,YES,,4/16/21 10:22,4/16/21 13:27,0.0,4/16/21 10:20,TOTALLY CONTAINED ON OPERATOR-CONTROLLED PROPERTY,ABOVEGROUND,,MATERIAL OTHER THAN CARBON STEEL,LEAK,,,OTHER,DIAPHRAGM FAILURE WITHIN VALVE,NO,YES,NO,NO,,NO,,,,,34.0,7925.0,720.0,0.0,0.0,NO,EQUIPMENT FAILURE,OTHER EQUIPMENT FAILURE,
37,2021,30829,ENTERPRISE CRUDE PIPELINE LLC,4/12/21 6:45,31.878745,-102.125956,CRUDE OIL,,,18.0,,18.0,,,NO,PRODUCT MOVEMENT HAD SCHEDULED SHUT DOWN AROUND 00:00 AM,,,0.0,4/12/21 6:45,TOTALLY CONTAINED ON OPERATOR-CONTROLLED PROPERTY,ABOVEGROUND,2018.0,CARBON STEEL,OVERFILL OR OVERFLOW,,,,,NO,YES,NO,YES,YES,NO,,,,,1075.0,2000.0,8500.0,0.0,0.0,NO,OTHER INCIDENT CAUSE,UNKNOWN,
38,2021,39145,ENBRIDGE STORAGE (CUSHING) L.L.C.,4/9/21 5:00,35.944806,-96.764764,CRUDE OIL,,,0.48,,0.48,,,NO,BOOSTER PUMP WAS ISOLATED,,,0.0,4/9/21 5:00,TOTALLY CONTAINED ON OPERATOR-CONTROLLED PROPERTY,ABOVEGROUND,2019.0,CARBON STEEL,LEAK,,,SEAL OR PACKING,,NO,YES,NO,NO,,NO,,,,,29.0,20000.0,2500.0,2500.0,0.0,NO,EQUIPMENT FAILURE,PUMP OR PUMP-RELATED EQUIPMENT,
39,2021,31454,"NUSTAR LOGISTICS, L.P.",4/7/21 8:34,34.99138,-106.6579,REFINED AND/OR PETROLEUM PRODUCT (NON-HVL) WHICH IS A LIQUID AT AMBIENT CONDITIONS,"DIESEL, FUEL OIL, KEROSENE, JET FUEL",,2.34,,2.34,,,YES,,4/7/21 8:46,4/7/21 11:19,0.0,4/7/21 8:34,TOTALLY CONTAINED ON OPERATOR-CONTROLLED PROPERTY,ABOVEGROUND,2019.0,CARBON STEEL,LEAK,,,SEAL OR PACKING,,NO,YES,NO,NO,,NO,,,YES,YES,307.0,0.0,0.0,37000.0,0.0,NO,EQUIPMENT FAILURE,NON-THREADED CONNECTION FAILURE,
40,2021,31075,E&B NATURAL RESOURCES MANAGEMENT CORP,4/6/21 8:10,35.00564,-118.3705,CRUDE OIL,,,18.0,,18.0,,,NO,"THE 1/2 INCH BLEEDER VALVE WAS CLOSED, THIS WAS THE SOURCE OF THE LEAK.",,,0.0,4/6/21 8:00,TOTALLY CONTAINED ON OPERATOR-CONTROLLED PROPERTY,ABOVEGROUND,,CARBON STEEL,LEAK,,,OTHER,"1/2"" BLEEDER VALVE LEFT OPEN",NO,YES,NO,NO,,NO,,,,,140.0,0.0,6500.0,0.0,0.0,NO,INCORRECT OPERATION,"VALVE LEFT OR PLACED IN WRONG POSITION, BUT NOT RESULTING IN A TANK, VESSEL, OR SUMP/SEPARATOR OVERFLOW OR FACILITY OVERPRESSURE",
41,2021,18718,SUNOCO PIPELINE L.P.,4/5/21 15:30,30.63015,-96.256562,CRUDE OIL,,,0.2,,0.2,,,NO,PUMP WAS SHUT DOWN AND ISOLATED FROM MAINLINE,,,0.0,4/5/21 15:30,TOTALLY CONTAINED ON OPERATOR-CONTROLLED PROPERTY,ABOVEGROUND,2020.0,CARBON STEEL,LEAK,,,SEAL OR PACKING,,NO,YES,NO,YES,YES,NO,,,,,147.0,5400.0,1000.0,2500.0,0.0,NO,EQUIPMENT FAILURE,PUMP OR PUMP-RELATED EQUIPMENT,
42,2021,31580,"MAGELLAN TERMINALS HOLDINGS, LP",4/5/21 9:28,35.946747,-96.743018,CRUDE OIL,,,3.0,,3.0,,,YES,,4/5/21 9:30,4/5/21 11:00,0.0,4/5/21 9:28,TOTALLY CONTAINED ON OPERATOR-CONTROLLED PROPERTY,"TANK, INCLUDING ATTACHED APPURTENANCES",2007.0,CARBON STEEL,LEAK,,,SEAL OR PACKING,,NO,YES,NO,NO,,NO,,,,,124.0,20000.0,18500.0,0.0,0.0,NO,EQUIPMENT FAILURE,NON-THREADED CONNECTION FAILURE,
43,2021,18718,SUNOCO PIPELINE L.P.,4/3/21 9:30,31.76948,-99.88618,CRUDE OIL,,,1000.0,,1000.0,,,NO,PIPELINE WAS ALREADY SHUTDOWN,,,0.0,4/3/21 10:30,PIPELINE RIGHT-OF-WAY,UNDERGROUND,1928.0,CARBON STEEL,LEAK,,,PINHOLE,,NO,YES,NO,YES,YES,NO,,,,,62000.0,100000.0,56000.0,500000.0,0.0,YES,CORROSION FAILURE,EXTERNAL CORROSION,
44,2021,1845,"BUCKEYE PARTNERS, LP",4/2/21 13:50,42.273747,-83.404856,REFINED AND/OR PETROLEUM PRODUCT (NON-HVL) WHICH IS A LIQUID AT AMBIENT CONDITIONS,GASOLINE (NON-ETHANOL),,2.0,,2.0,,,NO,PIPELINE WAS ALREADY SHUT DOWN DUE TO HISTORICAL CLEAN-UP,,,0.0,4/2/21 13:50,TOTALLY CONTAINED ON OPERATOR-CONTROLLED PROPERTY,UNDERGROUND,,CARBON STEEL,LEAK,,,CRACK,,NO,YES,NO,NO,,NO,,,,,120.0,70000.0,0.0,40000.0,0.0,YES,OTHER INCIDENT CAUSE,UNKNOWN,
45,2021,30829,ENTERPRISE CRUDE PIPELINE LLC,4/2/21 2:00,29.61136,-95.18487,CRUDE OIL,,,5.0,,5.0,,,YES,,4/2/21 2:00,4/2/21 22:15,0.0,4/2/21 2:00,TOTALLY CONTAINED ON OPERATOR-CONTROLLED PROPERTY,UNDERGROUND,2015.0,CARBON STEEL,LEAK,,,PINHOLE,,NO,YES,YES,NO,,NO,,,,,300.0,15000.0,30000.0,60000.0,0.0,YES,CORROSION FAILURE,INTERNAL CORROSION,
46,2021,18092,"SFPP, LP",4/1/21 5:30,33.845486,-118.23015,REFINED AND/OR PETROLEUM PRODUCT (NON-HVL) WHICH IS A LIQUID AT AMBIENT CONDITIONS,MIXTURE OF REFINED PRODUCTS (TRANSMIX OR OTHER MIXTURE),,70.0,,70.0,,,NO,THE TANK WAS ISOLATED BUT WATSON STATION REMAINED ACTIVE,,,0.0,4/1/21 5:30,TOTALLY CONTAINED ON OPERATOR-CONTROLLED PROPERTY,"TANK, INCLUDING ATTACHED APPURTENANCES",1998.0,CARBON STEEL,LEAK,,,CRACK,,NO,YES,NO,NO,,NO,,,YES,YES,6175.0,81000.0,10000.0,0.0,0.0,NO,OTHER INCIDENT CAUSE,UNKNOWN,
47,2021,18718,SUNOCO PIPELINE L.P.,3/31/21 15:40,34.575483,-100.383136,CRUDE OIL,,,50.0,,50.0,,,YES,,3/31/21 15:40,4/3/21 10:40,0.0,3/31/21 15:40,PIPELINE RIGHT-OF-WAY,UNDERGROUND,1927.0,CARBON STEEL,MECHANICAL PUNCTURE,0.2,0.2,,,NO,YES,NO,YES,YES,NO,,,,,3150.0,20000.0,154500.0,24000.0,0.0,YES,EXCAVATION DAMAGE,EXCAVATION DAMAGE BY THIRD PARTY,
48,2021,18092,"SFPP, LP",3/30/21 14:24,33.23804,-115.504465,REFINED AND/OR PETROLEUM PRODUCT (NON-HVL) WHICH IS A LIQUID AT AMBIENT CONDITIONS,"DIESEL, FUEL OIL, KEROSENE, JET FUEL",,51.5,,37.0,,,YES,,3/30/21 14:31,3/30/21 23:34,0.0,3/30/21 14:31,TOTALLY CONTAINED ON OPERATOR-CONTROLLED PROPERTY,ABOVEGROUND,,CARBON STEEL,LEAK,,,CONNECTION FAILURE,,NO,YES,NO,NO,,NO,YES,YES,,,4300.0,300.0,45200.0,0.0,0.0,NO,OTHER INCIDENT CAUSE,UNKNOWN,
49,2021,32011,"HOLLY ENERGY PARTNERS - OPERATING, L.P.",3/30/21 13:24,41.568256,-109.978172,CRUDE OIL,,,0.3,,0.3,,,YES,,3/30/21 13:30,3/30/21 17:15,0.0,3/30/21 13:24,TOTALLY CONTAINED ON OPERATOR-CONTROLLED PROPERTY,UNDERGROUND,1983.0,CARBON STEEL,LEAK,,,SEAL OR PACKING,,NO,YES,NO,NO,,NO,,,,,0.0,0.0,2500.0,0.0,0.0,YES,EQUIPMENT FAILURE,NON-THREADED CONNECTION FAILURE,
50,2021,30829,ENTERPRISE CRUDE PIPELINE LLC,3/30/21 6:20,29.61504,-95.18286,CRUDE OIL,,,0.36,,0.36,,,NO,MIXER WAS MECHANICALLY ISOLATED FROM THE TANK.,,,0.0,3/30/21 6:00,TOTALLY CONTAINED ON OPERATOR-CONTROLLED PROPERTY,"TANK, INCLUDING ATTACHED APPURTENANCES",2015.0,MATERIAL OTHER THAN CARBON STEEL,LEAK,,,SEAL OR PACKING,,NO,NO,NO,NO,,NO,,,,,0.0,3000.0,2500.0,1000.0,0.0,NO,EQUIPMENT FAILURE,NON-THREADED CONNECTION FAILURE,
51,2021,39504,"MAGELLAN CRUDE OIL PIPELINE COMPANY, L.P.",3/25/21 14:48,29.792991,-95.281093,CRUDE OIL,,,60.0,,60.0,,,YES,,3/25/21 14:48,3/27/21 1:15,0.0,3/25/21 14:48,TOTALLY CONTAINED ON OPERATOR-CONTROLLED PROPERTY,UNDERGROUND,2013.0,CARBON STEEL,LEAK,,,PINHOLE,,NO,YES,NO,NO,,NO,,,,,3514.0,150000.0,70000.0,0.0,0.0,NO,CORROSION FAILURE,INTERNAL CORROSION,
52,2021,22610,"MAGELLAN PIPELINE COMPANY, LP",3/23/21 10:00,43.135925,-93.352762,REFINED AND/OR PETROLEUM PRODUCT (NON-HVL) WHICH IS A LIQUID AT AMBIENT CONDITIONS,"DIESEL, FUEL OIL, KEROSENE, JET FUEL",,4.8,,4.8,,,YES,,3/23/21 10:02,3/23/21 15:14,0.0,3/23/21 10:00,TOTALLY CONTAINED ON OPERATOR-CONTROLLED PROPERTY,ABOVEGROUND,1952.0,CARBON STEEL,LEAK,,,CRACK,,NO,YES,NO,NO,,NO,YES,YES,,,600.0,3000.0,30000.0,0.0,0.0,NO,MATERIAL FAILURE OF PIPE OR WELD,"CONSTRUCTION-, INSTALLATION-, OR FABRICATION-RELATED",
53,2021,300,"PLAINS PIPELINE, L.P.",3/23/21 9:41,31.766045,-103.167426,CRUDE OIL,,,1.22,,0.0,,,YES,,3/23/21 14:50,3/23/21 19:10,0.0,3/23/21 14:45,TOTALLY CONTAINED ON OPERATOR-CONTROLLED PROPERTY,ABOVEGROUND,2019.0,CARBON STEEL,LEAK,,,SEAL OR PACKING,,NO,NO,NO,NO,,NO,,,,,70.0,250.0,1500.0,0.0,0.0,NO,NATURAL FORCE DAMAGE,TEMPERATURE,
54,2021,26094,NUSTAR TERMINALS OPERATIONS PARTNERSHIP L. P.,3/23/21 8:52,40.608277,-74.221761,REFINED AND/OR PETROLEUM PRODUCT (NON-HVL) WHICH IS A LIQUID AT AMBIENT CONDITIONS,GASOLINE (NON-ETHANOL),,0.5,,0.5,,,YES,,3/23/21 8:52,3/23/21 13:20,0.0,3/23/21 8:52,TOTALLY CONTAINED ON OPERATOR-CONTROLLED PROPERTY,ABOVEGROUND,1984.0,CARBON STEEL,LEAK,,,SEAL OR PACKING,,NO,NO,NO,NO,,NO,,,,,40.0,0.0,2300.0,0.0,0.0,NO,EQUIPMENT FAILURE,PUMP OR PUMP-RELATED EQUIPMENT,
55,2021,32011,"HOLLY ENERGY PARTNERS - OPERATING, L.P.",3/22/21 8:50,36.12478,-96.00645,REFINED AND/OR PETROLEUM PRODUCT (NON-HVL) WHICH IS A LIQUID AT AMBIENT CONDITIONS,"DIESEL, FUEL OIL, KEROSENE, JET FUEL",,1.0,,1.0,,,YES,,3/22/21 8:51,3/22/21 16:50,0.0,3/22/21 8:50,TOTALLY CONTAINED ON OPERATOR-CONTROLLED PROPERTY,ABOVEGROUND,2011.0,CARBON STEEL,LEAK,,,SEAL OR PACKING,,NO,NO,NO,NO,,NO,YES,NO,,,585.0,90.0,0.0,1250.0,1250.0,NO,EQUIPMENT FAILURE,NON-THREADED CONNECTION FAILURE,
56,2021,22610,"MAGELLAN PIPELINE COMPANY, LP",3/21/21 21:52,33.832361,-98.2779,REFINED AND/OR PETROLEUM PRODUCT (NON-HVL) WHICH IS A LIQUID AT AMBIENT CONDITIONS,"DIESEL, FUEL OIL, KEROSENE, JET FUEL",,0.1,,0.0,,,YES,,3/21/21 20:47,3/23/21 18:28,0.0,3/21/21 21:52,TOTALLY CONTAINED ON OPERATOR-CONTROLLED PROPERTY,ABOVEGROUND,1997.0,CARBON STEEL,LEAK,,,SEAL OR PACKING,,NO,NO,NO,NO,,NO,,,,,31.0,275000.0,18046.0,0.0,0.0,NO,OTHER INCIDENT CAUSE,UNKNOWN,
57,2021,39012,"SUMMIT MIDSTREAM PARTNERS, LLC",3/20/21 10:51,48.805078,-103.617502,CRUDE OIL,,,535.0,,400.0,,,YES,,3/20/21 12:13,4/5/21 12:39,0.0,3/20/21 10:51,TOTALLY CONTAINED ON OPERATOR-CONTROLLED PROPERTY,"TANK, INCLUDING ATTACHED APPURTENANCES",2015.0,CARBON STEEL,LEAK,,,CRACK,,NO,YES,NO,YES,YES,NO,,,,,8100.0,15000.0,2300.0,165000.0,30000.0,NO,EQUIPMENT FAILURE,"FAILURE OF EQUIPMENT BODY (EXCEPT PUMP), TANK PLATE, OR OTHER MATERIAL",
58,2021,26041,"KINDER MORGAN LIQUID TERMINALS, LLC",3/19/21 21:00,40.5234,-74.25591,REFINED AND/OR PETROLEUM PRODUCT (NON-HVL) WHICH IS A LIQUID AT AMBIENT CONDITIONS,GASOLINE (NON-ETHANOL),,1.19,,1.19,,,NO,LINE WAS NOT OPERATIONAL AT THE TIME,,,0.0,3/19/21 21:00,TOTALLY CONTAINED ON OPERATOR-CONTROLLED PROPERTY,UNDERGROUND,,CARBON STEEL,LEAK,,,PINHOLE,,NO,YES,NO,NO,,NO,YES,YES,YES,YES,169.0,0.0,15000.0,30000.0,0.0,NO,CORROSION FAILURE,EXTERNAL CORROSION,
59,2021,1845,"BUCKEYE PARTNERS, LP",3/19/21 12:30,39.122008,-94.438407,REFINED AND/OR PETROLEUM PRODUCT (NON-HVL) WHICH IS A LIQUID AT AMBIENT CONDITIONS,MIXTURE OF REFINED PRODUCTS (TRANSMIX OR OTHER MIXTURE),,2.38,,1.75,,,YES,,3/19/21 8:48,3/22/21 16:30,0.0,3/19/21 12:30,TOTALLY CONTAINED ON OPERATOR-CONTROLLED PROPERTY,"TANK, INCLUDING ATTACHED APPURTENANCES",1984.0,CARBON STEEL,LEAK,,,PINHOLE,,NO,NO,NO,NO,,NO,,,,,80.0,351000.0,40000.0,22500.0,0.0,NO,CORROSION FAILURE,INTERNAL CORROSION,
60,2021,2170,CENEX PIPELINE LLC,3/18/21 13:00,48.22844,-101.3672,REFINED AND/OR PETROLEUM PRODUCT (NON-HVL) WHICH IS A LIQUID AT AMBIENT CONDITIONS,"DIESEL, FUEL OIL, KEROSENE, JET FUEL",,0.24,,0.24,,,NO,ROUTED PRODUCT THROUGH OTHER FILTER,,,0.0,3/18/21 13:00,TOTALLY CONTAINED ON OPERATOR-CONTROLLED PROPERTY,ABOVEGROUND,2020.0,MATERIAL OTHER THAN CARBON STEEL,LEAK,,,OTHER,FILTER SEAL,NO,NO,NO,NO,,NO,,,,,30.0,500.0,500.0,0.0,500.0,NO,EQUIPMENT FAILURE,NON-THREADED CONNECTION FAILURE,
61,2021,30658,KERN OIL & REFINING CO.,3/18/21 3:00,35.287192,-119.21433,CRUDE OIL,,,2258.0,,1062.0,,,YES,,3/18/21 8:00,,0.0,3/18/21 8:00,TOTALLY CONTAINED ON OPERATOR-CONTROLLED PROPERTY,UNDERGROUND,,CARBON STEEL,OTHER,,,,,NO,YES,NO,YES,YES,NO,,,,,79000.0,8000.0,184000.0,380000.0,500000.0,YES,OTHER INCIDENT CAUSE,UNKNOWN,
62,2021,32080,"CCPS TRANSPORTATION, LLC",3/17/21 13:05,39.00528141,-93.5577358,CRUDE OIL,,,0.12,,0.12,,,YES,,3/17/21 13:11,3/18/21 22:56,0.0,3/17/21 13:05,TOTALLY CONTAINED ON OPERATOR-CONTROLLED PROPERTY,UNDERGROUND,2008.0,CARBON STEEL,LEAK,,,CONNECTION FAILURE,,NO,YES,NO,NO,,NO,,,,,7.0,32120.0,12204.0,255500.0,0.0,YES,EQUIPMENT FAILURE,NON-THREADED CONNECTION FAILURE,
63,2021,31888,CENTURION PIPELINE L.P.,3/17/21 8:00,32.00544,-102.041,CRUDE OIL,,,12.0,,12.0,,,YES,,3/17/21 8:10,,0.0,3/17/21 8:00,TOTALLY CONTAINED ON OPERATOR-CONTROLLED PROPERTY,UNDERGROUND,2011.0,CARBON STEEL,LEAK,,,PINHOLE,,NO,YES,NO,YES,YES,NO,,,,,130.0,0.0,4116.0,2500.0,0.0,NO,CORROSION FAILURE,INTERNAL CORROSION,
64,2021,12470,MID - VALLEY PIPELINE CO,3/16/21 11:15,32.485514,-94.832977,CRUDE OIL,,,0.6,,0.6,,,NO,TANK WAS PULLED DOWN BELOW HI-HI LEVEL AND PUT BACK INTO SERVICE.,,,0.0,3/16/21 11:20,TOTALLY CONTAINED ON OPERATOR-CONTROLLED PROPERTY,"TANK, INCLUDING ATTACHED APPURTENANCES",1976.0,CARBON STEEL,OVERFILL OR OVERFLOW,,,,,NO,YES,NO,YES,YES,NO,,,,,36.0,0.0,5340.0,0.0,0.0,NO,INCORRECT OPERATION,"TANK, VESSEL, OR SUMP/SEPARATOR ALLOWED OR CAUSED TO OVERFILL OR OVERFLOW",
65,2021,1845,"BUCKEYE PARTNERS, LP",3/16/21 8:41,40.61783,-74.21257,REFINED AND/OR PETROLEUM PRODUCT (NON-HVL) WHICH IS A LIQUID AT AMBIENT CONDITIONS,GASOLINE (NON-ETHANOL),,353.0,,108.0,,,YES,,3/16/21 5:38,3/25/21 6:46,0.0,3/16/21 8:08,PIPELINE RIGHT-OF-WAY,UNDERGROUND,1965.0,CARBON STEEL,LEAK,,,OTHER,METALLURGICAL ANALYSIS PENDING,NO,YES,YES,YES,YES,YES,,,YES,YES,880.0,1400000.0,800000.0,800000.0,0.0,YES,OTHER INCIDENT CAUSE,UNKNOWN,
66,2021,18718,SUNOCO PIPELINE L.P.,3/15/21 18:03,32.07707,-96.57279,REFINED AND/OR PETROLEUM PRODUCT (NON-HVL) WHICH IS A LIQUID AT AMBIENT CONDITIONS,"DIESEL, FUEL OIL, KEROSENE, JET FUEL",,77.82,,77.82,,,YES,,3/15/21 18:03,3/16/21 21:18,0.0,3/15/21 19:48,PIPELINE RIGHT-OF-WAY,UNDERGROUND,1943.0,CARBON STEEL,LEAK,,,PINHOLE,,NO,YES,NO,YES,YES,NO,,,,,7371.0,20362.0,40726.0,532500.0,5000.0,YES,CORROSION FAILURE,EXTERNAL CORROSION,
67,2021,38922,MIPC LLC,3/15/21 17:00,40.005542,-75.158569,REFINED AND/OR PETROLEUM PRODUCT (NON-HVL) WHICH IS A LIQUID AT AMBIENT CONDITIONS,GASOLINE (NON-ETHANOL),,0.1,,0.0,,,NO,THE PIPELINE WAS INACTIVE AT THE TIME OF THE ACCIDENT.,,,0.0,3/15/21 17:07,PIPELINE RIGHT-OF-WAY,UNDERGROUND,1949.0,CARBON STEEL,MECHANICAL PUNCTURE,1,1.0,,,NO,NO,NO,NO,,NO,,,,,0.0,20939.0,0.0,0.0,0.0,YES,OTHER OUTSIDE FORCE DAMAGE,OTHER OUTSIDE FORCE DAMAGE,
68,2021,31888,CENTURION PIPELINE L.P.,3/12/21 13:00,32.0022,-102.04707,CRUDE OIL,,,10.0,,10.0,,,YES,,3/12/21 13:00,3/16/21 8:45,0.0,3/12/21 13:00,TOTALLY CONTAINED ON OPERATOR-CONTROLLED PROPERTY,ABOVEGROUND,,CARBON STEEL,LEAK,,,PINHOLE,,NO,YES,NO,YES,YES,NO,,,,,66.0,4372.0,5852.0,2006.0,0.0,NO,CORROSION FAILURE,INTERNAL CORROSION,
69,2021,26061,"DELEK CRUDE LOGISTICS, LLC.",3/12/21 11:30,32.50209,-94.84941,CRUDE OIL,,,2.0,,2.0,,,YES,,3/12/21 11:35,3/13/21 18:00,0.0,3/12/21 11:30,TOTALLY CONTAINED ON OPERATOR-CONTROLLED PROPERTY,UNDERGROUND,1932.0,MATERIAL OTHER THAN CARBON STEEL,LEAK,,,SEAL OR PACKING,,NO,YES,NO,NO,,NO,,,,,130.0,10000.0,0.0,5000.0,0.0,NO,EQUIPMENT FAILURE,NON-THREADED CONNECTION FAILURE,
70,2021,32688,WEST COAST TERMINAL PIPELINE  (WCTP),3/10/21 6:45,33.803663,-118.233568,CRUDE OIL,,,3.48,,3.48,,,NO,PUMP WAS SHUTDOWN AND ISOLATED; FACILITY REMAINED OPERATIONAL,,,0.0,3/10/21 6:45,TOTALLY CONTAINED ON OPERATOR-CONTROLLED PROPERTY,ABOVEGROUND,1998.0,CARBON STEEL,LEAK,,,CRACK,,NO,YES,NO,NO,,NO,,,,,235.0,100.0,65030.0,0.0,0.0,NO,EQUIPMENT FAILURE,THREADED CONNECTION/COUPLING FAILURE,
71,2021,22610,"MAGELLAN PIPELINE COMPANY, LP",3/9/21 5:45,41.684012,-91.570311,REFINED AND/OR PETROLEUM PRODUCT (NON-HVL) WHICH IS A LIQUID AT AMBIENT CONDITIONS,GASOLINE (NON-ETHANOL),,4.8,,4.8,,,NO,TANK WAS ISOLATED BUT FACILITY CONTINUED TO OPERATE NORMALLY.,,,0.0,3/9/21 5:45,TOTALLY CONTAINED ON OPERATOR-CONTROLLED PROPERTY,ABOVEGROUND,2020.0,MATERIAL OTHER THAN CARBON STEEL,LEAK,,,SEAL OR PACKING,,NO,YES,NO,NO,,NO,,,YES,YES,500.0,5000.0,40000.0,0.0,0.0,NO,EQUIPMENT FAILURE,PUMP OR PUMP-RELATED EQUIPMENT,
72,2021,31618,ENTERPRISE PRODUCTS OPERATING LLC,3/6/21 21:40,29.8542,-94.8917,HVL OR OTHER FLAMMABLE OR TOXIC FLUID WHICH IS A GAS AT AMBIENT CONDITIONS,OTHER HVL,ISOBUTYLENE,15.0,0.0,0.0,,,NO,PIPELINE PRESSURE WAS LOWERED - POP IT VALVE SEALED OFF,,,0.0,3/6/21 22:30,PIPELINE RIGHT-OF-WAY,ABOVEGROUND,,CARBON STEEL,LEAK,,,OTHER,POP IT RELIEF VALVE RELIEVED,NO,NO,NO,NO,,NO,YES,YES,,,900.0,500.0,0.0,0.0,0.0,NO,EQUIPMENT FAILURE,MALFUNCTION OF CONTROL/RELIEF EQUIPMENT,15.0
73,2021,39183,"MEDALLION OPERATING COMPANY, LLC",3/6/21 11:00,31.635009,-101.983946,CRUDE OIL,,,30.0,,30.0,,,NO,RELIEF LINE WAS ISOLATED AND THE STATION CONTINUED TO DELIVERIES,,,0.0,3/6/21 9:30,TOTALLY CONTAINED ON OPERATOR-CONTROLLED PROPERTY,UNDERGROUND,2015.0,CARBON STEEL,LEAK,,,PINHOLE,,NO,YES,NO,YES,YES,NO,,,,,1500.0,1500.0,0.0,20000.0,0.0,NO,CORROSION FAILURE,INTERNAL CORROSION,
74,2021,15674,PRODUCTS (SE) PIPE LINE CORPORATION,3/5/21 3:05,33.28874,-86.831283,REFINED AND/OR PETROLEUM PRODUCT (NON-HVL) WHICH IS A LIQUID AT AMBIENT CONDITIONS,GASOLINE (NON-ETHANOL),,1.8,,1.8,,,NO,THIS INCIDENT INVOLVED A BREAKOUT TANK. THE FACILITY WAS NOT SHUT DOWN.,,,0.0,3/5/21 3:45,TOTALLY CONTAINED ON OPERATOR-CONTROLLED PROPERTY,"TANK, INCLUDING ATTACHED APPURTENANCES",1941.0,CARBON STEEL,LEAK,,,PINHOLE,,NO,YES,NO,NO,,NO,,,,,145.0,125000.0,18500.0,0.0,0.0,NO,OTHER INCIDENT CAUSE,UNKNOWN,
75,2021,40192,ZENITH ENERGY WEST COAST TERMINALS LLC,3/5/21 1:40,33.764578,-118.227986,CRUDE OIL,,,4.6,,4.6,,,NO,THE INCIDENT LOCATION WAS ISOLATED WITHOUT INTERRUPTION TO NORMAL OPERATIONS.,,,0.0,3/5/21 1:40,TOTALLY CONTAINED ON OPERATOR-CONTROLLED PROPERTY,TRANSITION AREA,1972.0,CARBON STEEL,LEAK,,,PINHOLE,,NO,NO,NO,NO,,NO,,,,,0.0,1000.0,21000.0,0.0,0.0,NO,OTHER INCIDENT CAUSE,UNKNOWN,
76,2021,11169,"ENBRIDGE ENERGY, LIMITED PARTNERSHIP",3/2/21 15:13,48.212719,-96.435103,CRUDE OIL,,,4.0,,4.0,,,NO,PIPELINE WAS ALREADY SHUT DOWN FOR A SEPARATE ISSUE AND THE STATION WAS ISOLATED,,,0.0,3/2/21 15:13,TOTALLY CONTAINED ON OPERATOR-CONTROLLED PROPERTY,ABOVEGROUND,2012.0,MATERIAL OTHER THAN CARBON STEEL,LEAK,,,CRACK,,NO,YES,NO,NO,,NO,,,,,240.0,500.0,12693.0,6615.0,0.0,NO,EQUIPMENT FAILURE,OTHER EQUIPMENT FAILURE,
77,2021,39822,"SCM PR, LLC",3/2/21 13:00,43.648024,-105.641906,CRUDE OIL,,,200.0,,160.0,,,YES,,3/2/21 13:05,3/3/21 15:35,0.0,3/2/21 13:00,"ORIGINATED ON OPERATOR-CONTROLLED PROPERTY, BUT THEN FLOWED OR MIGRATED OFF THE PROPERTY",ABOVEGROUND,2021.0,MATERIAL OTHER THAN CARBON STEEL,OTHER,,,,,NO,YES,NO,NO,,NO,,,,,2100.0,10000.0,80000.0,10000.0,0.0,NO,EQUIPMENT FAILURE,NON-THREADED CONNECTION FAILURE,
78,2021,22855,"FLINT HILLS RESOURCES, LC",3/1/21 15:40,27.815376,-97.488726,HVL OR OTHER FLAMMABLE OR TOXIC FLUID WHICH IS A GAS AT AMBIENT CONDITIONS,OTHER HVL,BUTANE,3.0,0.0,0.0,,,YES,,3/1/21 15:33,3/11/21 12:20,0.0,3/1/21 15:40,TOTALLY CONTAINED ON OPERATOR-CONTROLLED PROPERTY,ABOVEGROUND,2014.0,CARBON STEEL,LEAK,,,SEAL OR PACKING,,NO,NO,NO,NO,,NO,,,,,150.0,350.0,0.0,0.0,0.0,NO,NATURAL FORCE DAMAGE,TEMPERATURE,3.0
79,2021,1845,"BUCKEYE PARTNERS, LP",3/1/21 6:30,40.56227,-74.244121,REFINED AND/OR PETROLEUM PRODUCT (NON-HVL) WHICH IS A LIQUID AT AMBIENT CONDITIONS,MIXTURE OF REFINED PRODUCTS (TRANSMIX OR OTHER MIXTURE),,50.0,,50.0,,,NO,TANK INVOLVED WAS ALREADY IN THE PROCESS OF BEING DRAINED DOWN.,,,0.0,3/1/21 6:45,TOTALLY CONTAINED ON OPERATOR-CONTROLLED PROPERTY,"TANK, INCLUDING ATTACHED APPURTENANCES",1960.0,CARBON STEEL,LEAK,,,CRACK,,NO,NO,NO,NO,,NO,,,YES,NO,3519.0,28000.0,35672.0,0.0,0.0,NO,INCORRECT OPERATION,OTHER INCORRECT OPERATION,
80,2021,26085,"PLAINS MARKETING, L.P.",2/28/21 16:00,38.794956,-89.069044,CRUDE OIL,,,10.0,,9.9,,,YES,,2/28/21 18:45,3/9/21 18:00,0.0,2/28/21 18:45,TOTALLY CONTAINED ON OPERATOR-CONTROLLED PROPERTY,"TANK, INCLUDING ATTACHED APPURTENANCES",2019.0,MATERIAL OTHER THAN CARBON STEEL,LEAK,,,SEAL OR PACKING,,NO,NO,NO,NO,,NO,,,,,7.0,16636.0,28863.0,0.0,0.0,NO,NATURAL FORCE DAMAGE,TEMPERATURE,
81,2021,300,"PLAINS PIPELINE, L.P.",2/28/21 15:00,31.673967,-103.755979,CRUDE OIL,,,0.4,,0.0,,,NO,FACILITY HAD BEEN SHUTDOWN PRIOR TO THE RELEASE OCCURING.,,,0.0,3/1/21 5:42,TOTALLY CONTAINED ON OPERATOR-CONTROLLED PROPERTY,ABOVEGROUND,2018.0,CARBON STEEL,LEAK,,,CRACK,,NO,NO,NO,NO,,NO,,,,,24.0,200.0,1500.0,0.0,0.0,NO,EQUIPMENT FAILURE,OTHER EQUIPMENT FAILURE,
82,2021,300,"PLAINS PIPELINE, L.P.",2/25/21 7:00,31.80016,-103.27248,CRUDE OIL,,,1.7,,0.0,,,YES,,2/25/21 17:07,2/26/21 8:35,0.0,2/25/21 16:54,TOTALLY CONTAINED ON OPERATOR-CONTROLLED PROPERTY,ABOVEGROUND,2019.0,CARBON STEEL,LEAK,,,OTHER,FLANGE FAILURE,NO,YES,NO,NO,,NO,,,,,102.0,500.0,4500.0,0.0,0.0,NO,NATURAL FORCE DAMAGE,TEMPERATURE,
83,2021,18718,SUNOCO PIPELINE L.P.,2/25/21 0:21,30.618589,-94.969946,CRUDE OIL,,,174.0,,174.0,,,NO,TANK LINE WAS ISOLATED AND BYPASSED,,,0.0,2/25/21 2:07,"ORIGINATED ON OPERATOR-CONTROLLED PROPERTY, BUT THEN FLOWED OR MIGRATED OFF THE PROPERTY",UNDERGROUND,2014.0,CARBON STEEL,LEAK,,,OTHER,THROUGH WALL CORROSION FLAW,NO,YES,NO,YES,YES,NO,,,,,10614.0,45000.0,75000.0,140000.0,0.0,NO,CORROSION FAILURE,INTERNAL CORROSION,
84,2021,30829,ENTERPRISE CRUDE PIPELINE LLC,2/23/21 16:43,28.9461,-95.4235,CRUDE OIL,,,2.0,,2.0,,,YES,,2/23/21 16:45,2/23/21 18:00,0.0,2/23/21 16:42,TOTALLY CONTAINED ON OPERATOR-CONTROLLED PROPERTY,ABOVEGROUND,2021.0,MATERIAL OTHER THAN CARBON STEEL,LEAK,,,CONNECTION FAILURE,,NO,NO,NO,NO,,NO,,,,,100.0,0.0,60000.0,15000.0,0.0,NO,EQUIPMENT FAILURE,THREADED CONNECTION/COUPLING FAILURE,
85,2021,31618,ENTERPRISE PRODUCTS OPERATING LLC,2/23/21 16:00,28.585906,-96.918319,HVL OR OTHER FLAMMABLE OR TOXIC FLUID WHICH IS A GAS AT AMBIENT CONDITIONS,OTHER HVL,BUTANE,2.0,1324.0,0.0,,,YES,,2/23/21 16:09,3/3/21 11:51,0.0,2/23/21 17:10,PIPELINE RIGHT-OF-WAY,UNDERGROUND,1950.0,CARBON STEEL,LEAK,,,PINHOLE,,NO,NO,NO,NO,,NO,,,,,9000.0,273000.0,0.0,0.0,0.0,YES,CORROSION FAILURE,EXTERNAL CORROSION,1326.0
86,2021,300,"PLAINS PIPELINE, L.P.",2/23/21 14:00,31.991432,-102.445955,CRUDE OIL,,,33.4,,33.4,,,YES,,2/23/21 15:10,2/23/21 17:34,0.0,2/23/21 15:10,TOTALLY CONTAINED ON OPERATOR-CONTROLLED PROPERTY,ABOVEGROUND,2018.0,CARBON STEEL,LEAK,,,SEAL OR PACKING,,NO,YES,NO,NO,,NO,,,,,2000.0,250.0,12500.0,0.0,0.0,NO,NATURAL FORCE DAMAGE,TEMPERATURE,
87,2021,32147,MARATHON PIPE LINE LLC,2/23/21 9:00,39.32623,-87.89847,REFINED AND/OR PETROLEUM PRODUCT (NON-HVL) WHICH IS A LIQUID AT AMBIENT CONDITIONS,OTHER,HEAVY NAPTHA,0.1,,0.1,,,YES,,2/23/21 9:00,,0.0,2/23/21 9:00,TOTALLY CONTAINED ON OPERATOR-CONTROLLED PROPERTY,ABOVEGROUND,1974.0,CARBON STEEL,LEAK,,,CRACK,,NO,YES,NO,NO,,NO,,,,,2.0,75000.0,4000.0,200.0,0.0,NO,EQUIPMENT FAILURE,PUMP OR PUMP-RELATED EQUIPMENT,
88,2021,22610,"MAGELLAN PIPELINE COMPANY, LP",2/22/21 17:15,44.931364,-91.225393,REFINED AND/OR PETROLEUM PRODUCT (NON-HVL) WHICH IS A LIQUID AT AMBIENT CONDITIONS,"DIESEL, FUEL OIL, KEROSENE, JET FUEL",,55.0,,48.5,,,NO,THE PIPELINE WAS ALREADY IN A SHUT-IN STATE DUE TO SCHEDULING AND MAINTENANCE,,,0.0,2/22/21 17:15,TOTALLY CONTAINED ON OPERATOR-CONTROLLED PROPERTY,ABOVEGROUND,2020.0,CARBON STEEL,LEAK,,,CRACK,,NO,YES,NO,NO,,NO,,,,,4274.0,500.0,82801.0,0.0,0.0,NO,NATURAL FORCE DAMAGE,TEMPERATURE,
89,2021,26041,"KINDER MORGAN LIQUID TERMINALS, LLC",2/22/21 9:30,29.72504,-95.20074,REFINED AND/OR PETROLEUM PRODUCT (NON-HVL) WHICH IS A LIQUID AT AMBIENT CONDITIONS,GASOLINE (NON-ETHANOL),,5.0,,5.0,,,NO,THE LINE WAS ALREADY DOWN AT THE TIME OF THE INCIDENT,,,0.0,2/22/21 9:30,TOTALLY CONTAINED ON OPERATOR-CONTROLLED PROPERTY,"TANK, INCLUDING ATTACHED APPURTENANCES",,CARBON STEEL,LEAK,,,CRACK,,NO,NO,NO,NO,,NO,YES,YES,YES,YES,420.0,487000.0,0.0,13000.0,0.0,NO,MATERIAL FAILURE OF PIPE OR WELD,ENVIRONMENTAL CRACKING-RELATED,
90,2021,12470,MID - VALLEY PIPELINE CO,2/22/21 8:30,34.461767,-89.565442,CRUDE OIL,,,15.0,,15.0,,,NO,STATION WAS ISOLATED AND BYPASSED,,,0.0,2/22/21 8:30,TOTALLY CONTAINED ON OPERATOR-CONTROLLED PROPERTY,ABOVEGROUND,1950.0,CARBON STEEL,LEAK,,,PINHOLE,,NO,YES,NO,YES,YES,NO,,,,,960.0,7976.0,9406.0,63170.0,0.0,NO,CORROSION FAILURE,INTERNAL CORROSION,
91,2021,22610,"MAGELLAN PIPELINE COMPANY, LP",2/21/21 16:40,31.81701472,-102.3341615,REFINED AND/OR PETROLEUM PRODUCT (NON-HVL) WHICH IS A LIQUID AT AMBIENT CONDITIONS,GASOLINE (NON-ETHANOL),,30.0,,5.1,,,NO,THE TANK WAS ISOLATED AND THE PIPELINE WAS ABLE TO CONTINUE TO OPERATE.,,,0.0,2/21/21 16:40,TOTALLY CONTAINED ON OPERATOR-CONTROLLED PROPERTY,"TANK, INCLUDING ATTACHED APPURTENANCES",2005.0,MATERIAL OTHER THAN CARBON STEEL,OTHER,,,,,NO,YES,NO,YES,YES,NO,,,,,2500.0,55000.0,40500.0,11000.0,0.0,NO,NATURAL FORCE DAMAGE,TEMPERATURE,
92,2021,4805,EXPLORER PIPELINE CO,2/21/21 9:30,29.816358,-95.179689,REFINED AND/OR PETROLEUM PRODUCT (NON-HVL) WHICH IS A LIQUID AT AMBIENT CONDITIONS,MIXTURE OF REFINED PRODUCTS (TRANSMIX OR OTHER MIXTURE),,0.3,,0.3,,,NO,MANIFOLD NOT IN OPERATION AT TIME OF RELEASE.,,,0.0,2/21/21 9:30,TOTALLY CONTAINED ON OPERATOR-CONTROLLED PROPERTY,ABOVEGROUND,,CARBON STEEL,LEAK,,,SEAL OR PACKING,,NO,YES,NO,NO,,NO,,,,,25.0,5000.0,15000.0,20000.0,0.0,NO,EQUIPMENT FAILURE,NON-THREADED CONNECTION FAILURE,
93,2021,4906,EXXONMOBIL PIPELINE CO,2/21/21 9:10,27.9172117,-94.7844572,CRUDE OIL,,,3.0,,3.0,,,YES,,2/21/21 10:45,2/21/21 17:21,0.0,2/21/21 9:10,,,1999.0,CARBON STEEL,LEAK,,,OTHER,PUMP VALVE DID NOT SEAL,NO,NO,NO,NO,,NO,,,,,0.0,100000.0,0.0,0.0,0.0,YES,EQUIPMENT FAILURE,PUMP OR PUMP-RELATED EQUIPMENT,
94,2021,39785,"EPIC CONSOLIDATED OPERATIONS, LLC",2/20/21 18:30,27.8272,-97.6163472,CRUDE OIL,,,0.32,,0.0,,,NO,PIPELINE WAS SHUT-IN AT TIME OF ACCIDENT.,,,0.0,3/18/21 18:30,TOTALLY CONTAINED ON OPERATOR-CONTROLLED PROPERTY,ABOVEGROUND,2019.0,MATERIAL OTHER THAN CARBON STEEL,LEAK,,,CRACK,,NO,NO,NO,NO,,NO,,,,,20.0,300.0,0.0,500.0,0.0,NO,NATURAL FORCE DAMAGE,TEMPERATURE,
95,2021,31454,"NUSTAR LOGISTICS, L.P.",2/20/21 18:00,34.2022,-97.34698,CRUDE OIL,,,4.0,,4.0,,,NO,THE LINE WAS ALREADY SHUT DOWN.,,,0.0,2/20/21 18:00,TOTALLY CONTAINED ON OPERATOR-CONTROLLED PROPERTY,ABOVEGROUND,,CARBON STEEL,LEAK,,,CONNECTION FAILURE,,NO,NO,NO,NO,,NO,,,,,0.0,211.0,387.0,0.0,1000.0,NO,EQUIPMENT FAILURE,DEFECTIVE OR LOOSE TUBING OR FITTING,
96,2021,39785,"EPIC CONSOLIDATED OPERATIONS, LLC",2/20/21 13:44,29.1754167,-100.330638,HVL OR OTHER FLAMMABLE OR TOXIC FLUID WHICH IS A GAS AT AMBIENT CONDITIONS,OTHER HVL,NGL,5628.0,2014.0,186.0,,,YES,,2/20/21 7:00,3/8/21 15:33,0.0,2/21/21 16:00,PIPELINE RIGHT-OF-WAY,UNDERGROUND,2019.0,CARBON STEEL,LEAK,,,CRACK,,NO,NO,NO,NO,,NO,,,,,238592.0,1458097.0,0.0,40000.0,0.0,YES,MATERIAL FAILURE OF PIPE OR WELD,"CONSTRUCTION-, INSTALLATION-, OR FABRICATION-RELATED",7456.0
97,2021,18718,SUNOCO PIPELINE L.P.,2/20/21 11:30,32.73665,-99.82082,CRUDE OIL,,,195.0,,195.0,,,YES,,2/20/21 12:07,2/23/21 16:30,0.0,2/20/21 12:07,PIPELINE RIGHT-OF-WAY,UNDERGROUND,1927.0,CARBON STEEL,LEAK,,,CONNECTION FAILURE,,NO,YES,NO,YES,YES,NO,,,,,11310.0,16000.0,5000.0,178000.0,0.0,YES,EQUIPMENT FAILURE,THREADED CONNECTION/COUPLING FAILURE,
98,2021,30782,HARVEST MIDSTREAM COMPANY,2/20/21 10:50,28.501742,-98.855826,CRUDE OIL,,,15.0,,15.0,,,YES,,2/20/21 10:42,2/20/21 14:26,0.0,2/20/21 10:42,TOTALLY CONTAINED ON OPERATOR-CONTROLLED PROPERTY,ABOVEGROUND,,MATERIAL OTHER THAN CARBON STEEL,LEAK,,,CONNECTION FAILURE,,NO,YES,YES,YES,YES,NO,,,,,750.0,100.0,9000.0,15000.0,0.0,NO,EQUIPMENT FAILURE,DEFECTIVE OR LOOSE TUBING OR FITTING,
99,2021,39988,"FRONTIER MIDSTREAM SOLUTIONS IV,  LLC",2/20/21 10:46,32.0877,-102.0307,CRUDE OIL,,,1.5,,1.5,,,YES,,2/20/21 10:58,2/21/21 8:30,0.0,2/20/21 10:46,PIPELINE RIGHT-OF-WAY,ABOVEGROUND,2020.0,CARBON STEEL,LEAK,,,OTHER,VALVE BODY FAILURE,NO,YES,NO,YES,,NO,,,,,100.0,1600.0,3000.0,1300.0,0.0,YES,NATURAL FORCE DAMAGE,TEMPERATURE,
100,2021,22610,"MAGELLAN PIPELINE COMPANY, LP",2/20/21 10:00,30.350864,-95.899305,REFINED AND/OR PETROLEUM PRODUCT (NON-HVL) WHICH IS A LIQUID AT AMBIENT CONDITIONS,"DIESEL, FUEL OIL, KEROSENE, JET FUEL",,0.88,,0.88,,,NO,STATION WAS NOT RUNNING AT TIME OF INCIDENT,,,0.0,2/20/21 10:00,TOTALLY CONTAINED ON OPERATOR-CONTROLLED PROPERTY,ABOVEGROUND,2021.0,CARBON STEEL,LEAK,,,CRACK,,NO,YES,NO,NO,,NO,,,,,1050.0,100.0,68960.0,11500.0,0.0,NO,NATURAL FORCE DAMAGE,TEMPERATURE,
101,2021,4805,EXPLORER PIPELINE CO,2/20/21 5:00,29.900874,-94.005656,REFINED AND/OR PETROLEUM PRODUCT (NON-HVL) WHICH IS A LIQUID AT AMBIENT CONDITIONS,"DIESEL, FUEL OIL, KEROSENE, JET FUEL",,0.6,,0.6,,,NO,SOURCE ASSOCIATED WITH PROVER THAT WAS ISOLATED.,,,0.0,2/20/21 5:00,TOTALLY CONTAINED ON OPERATOR-CONTROLLED PROPERTY,ABOVEGROUND,2012.0,CARBON STEEL,LEAK,,,SEAL OR PACKING,,NO,YES,NO,NO,,NO,,,YES,YES,50.0,5000.0,25000.0,6500.0,0.0,NO,EQUIPMENT FAILURE,NON-THREADED CONNECTION FAILURE,
102,2021,30829,ENTERPRISE CRUDE PIPELINE LLC,2/19/21 17:50,29.7594,-95.1425,CRUDE OIL,,,1.0,,1.0,,,NO,TANK LATERAL WAS NOT OPERATING AT TIME OF FAILURE.,,,0.0,2/19/21 17:50,TOTALLY CONTAINED ON OPERATOR-CONTROLLED PROPERTY,ABOVEGROUND,2014.0,CARBON STEEL,LEAK,,,SEAL OR PACKING,,NO,NO,NO,NO,,NO,,,,,66.0,7000.0,0.0,0.0,0.0,NO,EQUIPMENT FAILURE,NON-THREADED CONNECTION FAILURE,
103,2021,39887,"TEXOMA CRUDE OIL PIPELINE CO., LLC",2/19/21 16:01,34.237801,-97.493738,CRUDE OIL,,,50.0,,50.0,,,YES,,2/19/21 16:01,2/22/21 16:12,0.0,2/19/21 16:40,TOTALLY CONTAINED ON OPERATOR-CONTROLLED PROPERTY,UNDERGROUND,,CARBON STEEL,LEAK,,,PINHOLE,,NO,YES,NO,YES,YES,NO,YES,YES,,,300.0,12500.0,25000.0,20000.0,0.0,NO,CORROSION FAILURE,INTERNAL CORROSION,
104,2021,30829,ENTERPRISE CRUDE PIPELINE LLC,2/19/21 14:01,29.82619,-94.88545,CRUDE OIL,,,2.0,,2.0,,,NO,BALL VALVE ISOLATED LEAKING TUBING.,,,0.0,2/19/21 14:01,TOTALLY CONTAINED ON OPERATOR-CONTROLLED PROPERTY,ABOVEGROUND,2014.0,MATERIAL OTHER THAN CARBON STEEL,LEAK,,,CONNECTION FAILURE,,NO,NO,NO,NO,,NO,,,,,120.0,0.0,12500.0,6000.0,0.0,NO,EQUIPMENT FAILURE,MALFUNCTION OF CONTROL/RELIEF EQUIPMENT,
105,2021,32080,"CCPS TRANSPORTATION, LLC",2/19/21 9:30,40.943094,-88.644964,CRUDE OIL,,,0.95,,0.95,,,YES,,2/19/21 9:31,2/19/21 19:20,0.0,2/19/21 9:30,TOTALLY CONTAINED ON OPERATOR-CONTROLLED PROPERTY,UNDERGROUND,,CARBON STEEL,LEAK,,,CONNECTION FAILURE,,NO,YES,NO,NO,,NO,,,YES,YES,63.0,6500.0,36160.0,247000.0,0.0,YES,NATURAL FORCE DAMAGE,TEMPERATURE,
106,2021,31174,"SHELL PIPELINE CO., L.P.",2/18/21 16:00,29.716064,-95.187128,REFINED AND/OR PETROLEUM PRODUCT (NON-HVL) WHICH IS A LIQUID AT AMBIENT CONDITIONS,"DIESEL, FUEL OIL, KEROSENE, JET FUEL",,0.5,,0.5,,,NO,NO REQUIRED,,,0.0,2/18/21 16:00,TOTALLY CONTAINED ON OPERATOR-CONTROLLED PROPERTY,ABOVEGROUND,,CARBON STEEL,LEAK,,,CONNECTION FAILURE,,NO,NO,NO,NO,,NO,,,,,60.0,14000.0,0.0,0.0,0.0,NO,NATURAL FORCE DAMAGE,TEMPERATURE,
107,2021,31580,"MAGELLAN TERMINALS HOLDINGS, LP",2/18/21 12:40,29.7460223,-95.20283238,REFINED AND/OR PETROLEUM PRODUCT (NON-HVL) WHICH IS A LIQUID AT AMBIENT CONDITIONS,GASOLINE (NON-ETHANOL),,0.6,,0.6,,,NO,PIPELINE WAS SHUT IN WHEN ACCIDENT OCCURRED.,,,0.0,2/18/21 12:40,TOTALLY CONTAINED ON OPERATOR-CONTROLLED PROPERTY,ABOVEGROUND,,CARBON STEEL,LEAK,,,CONNECTION FAILURE,,NO,YES,NO,NO,,NO,,,,,25.0,100.0,250.0,0.0,0.0,NO,NATURAL FORCE DAMAGE,TEMPERATURE,
108,2021,2552,COLONIAL PIPELINE CO,2/18/21 12:06,30.711073,-91.281434,REFINED AND/OR PETROLEUM PRODUCT (NON-HVL) WHICH IS A LIQUID AT AMBIENT CONDITIONS,GASOLINE (NON-ETHANOL),,1.7,,1.7,,,YES,,2/18/21 12:07,2/18/21 18:40,0.0,2/18/21 12:06,TOTALLY CONTAINED ON OPERATOR-CONTROLLED PROPERTY,ABOVEGROUND,2005.0,MATERIAL OTHER THAN CARBON STEEL,LEAK,,,CRACK,,NO,YES,NO,YES,YES,NO,,,,,175.0,50.0,25000.0,525000.0,0.0,NO,EQUIPMENT FAILURE,THREADED CONNECTION/COUPLING FAILURE,
109,2021,31684,PHILLIPS 66 PIPELINE LLC,2/18/21 11:52,29.999096,-93.983862,CRUDE OIL,,,0.12,,0.12,,,NO,THE RELEASE WAS NOT ON A PIPELINE. IT WAS FROM A MIXER SEAL ON A TANK.,,,0.0,2/18/21 11:52,TOTALLY CONTAINED ON OPERATOR-CONTROLLED PROPERTY,ABOVEGROUND,2019.0,MATERIAL OTHER THAN CARBON STEEL,LEAK,,,SEAL OR PACKING,,NO,YES,NO,NO,,NO,,,,,50.0,5500.0,4500.0,4000.0,0.0,NO,EQUIPMENT FAILURE,NON-THREADED CONNECTION FAILURE,
110,2021,32688,WEST COAST TERMINAL PIPELINE  (WCTP),2/18/21 9:34,45.56545,-122.743195,REFINED AND/OR PETROLEUM PRODUCT (NON-HVL) WHICH IS A LIQUID AT AMBIENT CONDITIONS,"DIESEL, FUEL OIL, KEROSENE, JET FUEL",,0.4,,0.4,,,NO,VALVE ISOLATED AND DID NOT CAUSE A PIPELINE/FACILTY SHUT DOWN.,,,0.0,2/18/21 9:34,TOTALLY CONTAINED ON OPERATOR-CONTROLLED PROPERTY,ABOVEGROUND,2018.0,CARBON STEEL,LEAK,,,CONNECTION FAILURE,,NO,YES,NO,NO,,NO,,,,,55.0,500.0,300.0,0.0,0.0,NO,NATURAL FORCE DAMAGE,TEMPERATURE,
111,2021,2552,COLONIAL PIPELINE CO,2/18/21 0:31,29.71901833,-95.17919497,REFINED AND/OR PETROLEUM PRODUCT (NON-HVL) WHICH IS A LIQUID AT AMBIENT CONDITIONS,"DIESEL, FUEL OIL, KEROSENE, JET FUEL",,16.0,,16.0,,,NO,EQUIPMENT ISOLATION FROM SYSTEM PROVER,,,0.0,2/18/21 0:31,TOTALLY CONTAINED ON OPERATOR-CONTROLLED PROPERTY,ABOVEGROUND,2008.0,MATERIAL OTHER THAN CARBON STEEL,LEAK,,,OTHER,GASKET FAILURE,NO,YES,NO,NO,,NO,,,YES,NO,1151.0,525.0,19243.0,28733.0,0.0,NO,EQUIPMENT FAILURE,NON-THREADED CONNECTION FAILURE,
112,2021,30829,ENTERPRISE CRUDE PIPELINE LLC,2/16/21 23:15,29.7068,-95.2233,CRUDE OIL,,,0.2,,0.2,,,NO,THE STATION WAS ALREADY DOWN DUE TO SCHEDULING.,,,0.0,2/16/21 23:15,TOTALLY CONTAINED ON OPERATOR-CONTROLLED PROPERTY,UNDERGROUND,2015.0,CARBON STEEL,LEAK,,,PINHOLE,,NO,NO,NO,NO,,NO,,,,,0.0,13400.0,43000.0,0.0,0.0,YES,CORROSION FAILURE,INTERNAL CORROSION,
113,2021,30829,ENTERPRISE CRUDE PIPELINE LLC,2/16/21 15:30,29.609819,-95.183176,CRUDE OIL,,,3.0,,3.0,,,NO,LINE WAS SHUTDOWN PRIOR TO ACCIDENT.,,,0.0,2/16/21 15:30,TOTALLY CONTAINED ON OPERATOR-CONTROLLED PROPERTY,ABOVEGROUND,2013.0,CARBON STEEL,LEAK,,,CONNECTION FAILURE,,NO,NO,NO,NO,,NO,,,,,0.0,0.0,30000.0,10000.0,0.0,YES,NATURAL FORCE DAMAGE,TEMPERATURE,
114,2021,39183,"MEDALLION OPERATING COMPANY, LLC",2/16/21 15:20,31.359555,-101.512208,CRUDE OIL,,,2.2,,2.2,,,NO,STATION WAS DOWN PRIOR TO DISCOVERY DUE TO WINTER STORM POWER OUTAGES,,,0.0,2/16/21 14:30,TOTALLY CONTAINED ON OPERATOR-CONTROLLED PROPERTY,ABOVEGROUND,2019.0,MATERIAL OTHER THAN CARBON STEEL,LEAK,,,CONNECTION FAILURE,,NO,YES,NO,YES,YES,NO,,,,,120.0,150.0,100.0,250.0,0.0,NO,NATURAL FORCE DAMAGE,TEMPERATURE,
115,2021,39138,"BOARDWALK LOUISIANA MIDSTREAM, LLC",2/15/21 20:31,30.31801,-91.30951,HVL OR OTHER FLAMMABLE OR TOXIC FLUID WHICH IS A GAS AT AMBIENT CONDITIONS,OTHER HVL,ETHYLENE,153.4,15.0,0.0,,,YES,,2/15/21 20:34,2/16/21 1:00,0.0,2/15/21 20:31,TOTALLY CONTAINED ON OPERATOR-CONTROLLED PROPERTY,ABOVEGROUND,,MATERIAL OTHER THAN CARBON STEEL,LEAK,,,CONNECTION FAILURE,,NO,NO,NO,NO,,NO,,,,,7078.0,1000.0,0.0,0.0,0.0,NO,EQUIPMENT FAILURE,THREADED CONNECTION/COUPLING FAILURE,168.4
116,2021,18718,SUNOCO PIPELINE L.P.,2/15/21 8:20,32.43749,-100.44141,REFINED AND/OR PETROLEUM PRODUCT (NON-HVL) WHICH IS A LIQUID AT AMBIENT CONDITIONS,"DIESEL, FUEL OIL, KEROSENE, JET FUEL",,2608.0,,2608.0,,,NO,SYSTEM WAS ALREADY DOWN ON SCHEDULE,,,0.0,2/15/21 8:20,"ORIGINATED ON OPERATOR-CONTROLLED PROPERTY, BUT THEN FLOWED OR MIGRATED OFF THE PROPERTY","TANK, INCLUDING ATTACHED APPURTENANCES",2019.0,CARBON STEEL,OVERFILL OR OVERFLOW,,,,,NO,YES,NO,YES,YES,NO,,,YES,YES,190593.0,0.0,100000.0,475000.0,0.0,NO,EQUIPMENT FAILURE,MALFUNCTION OF CONTROL/RELIEF EQUIPMENT,
117,2021,31454,"NUSTAR LOGISTICS, L.P.",2/15/21 3:17,35.25701,-100.92478,CRUDE OIL,,,4.75,,4.75,,,YES,,2/15/21 3:18,3/23/21 14:47,0.0,2/15/21 3:17,TOTALLY CONTAINED ON OPERATOR-CONTROLLED PROPERTY,ABOVEGROUND,1992.0,MATERIAL OTHER THAN CARBON STEEL,LEAK,,,SEAL OR PACKING,,NO,YES,NO,NO,,NO,,,,,282.0,48167.0,0.0,17742.0,0.0,NO,EQUIPMENT FAILURE,PUMP OR PUMP-RELATED EQUIPMENT,
118,2021,31618,ENTERPRISE PRODUCTS OPERATING LLC,2/13/21 12:02,37.0505,-88.328,HVL OR OTHER FLAMMABLE OR TOXIC FLUID WHICH IS A GAS AT AMBIENT CONDITIONS,LPG (LIQUEFIED PETROLEUM GAS)  /  NGL (NATURAL GAS LIQUID),,20.6,0.0,0.0,,,NO,PIPELINE WAS SHUT DOWN AT THE TIME OF THE RELEASE.,,,0.0,2/13/21 12:25,TOTALLY CONTAINED ON OPERATOR-CONTROLLED PROPERTY,ABOVEGROUND,2014.0,CARBON STEEL,LEAK,,,CONNECTION FAILURE,,NO,NO,NO,NO,,NO,YES,YES,,,2500.0,1070.0,0.0,0.0,0.0,NO,EQUIPMENT FAILURE,MALFUNCTION OF CONTROL/RELIEF EQUIPMENT,20.6
119,2021,40204,"SCM OPERATIONS, LLC",2/13/21 4:31,31.049119,-103.730864,HVL OR OTHER FLAMMABLE OR TOXIC FLUID WHICH IS A GAS AT AMBIENT CONDITIONS,LPG (LIQUEFIED PETROLEUM GAS)  /  NGL (NATURAL GAS LIQUID),,0.8,0.0,0.0,,,NO,THE LEAK WAS ON A LINE WHIS IS TYPICALLY ISOLATED FOR NORMAL OPERATIONS.,,,0.0,2/13/21 4:31,TOTALLY CONTAINED ON OPERATOR-CONTROLLED PROPERTY,ABOVEGROUND,2019.0,CARBON STEEL,LEAK,,,CONNECTION FAILURE,,NO,NO,NO,NO,,NO,,,,,1147.0,0.0,0.0,1128.0,0.0,NO,INCORRECT OPERATION,"VALVE LEFT OR PLACED IN WRONG POSITION, BUT NOT RESULTING IN A TANK, VESSEL, OR SUMP/SEPARATOR OVERFLOW OR FACILITY OVERPRESSURE",0.8
120,2021,26041,"KINDER MORGAN LIQUID TERMINALS, LLC",2/11/21 18:00,29.73189,-95.20501,REFINED AND/OR PETROLEUM PRODUCT (NON-HVL) WHICH IS A LIQUID AT AMBIENT CONDITIONS,GASOLINE (NON-ETHANOL),,14.0,,14.0,,,NO,THE LINE WAS ALREADY DOWN AT THE TIME OF THE INCIDENT,,,0.0,2/11/21 18:00,"ORIGINATED ON OPERATOR-CONTROLLED PROPERTY, BUT THEN FLOWED OR MIGRATED OFF THE PROPERTY",ABOVEGROUND,2016.0,CARBON STEEL,LEAK,,,CRACK,,NO,NO,NO,NO,,YES,YES,YES,YES,YES,1176.0,31000.0,0.0,74695.0,0.0,NO,MATERIAL FAILURE OF PIPE OR WELD,ENVIRONMENTAL CRACKING-RELATED,
121,2021,18092,"SFPP, LP",2/11/21 14:30,33.845105,-118.230477,REFINED AND/OR PETROLEUM PRODUCT (NON-HVL) WHICH IS A LIQUID AT AMBIENT CONDITIONS,MIXTURE OF REFINED PRODUCTS (TRANSMIX OR OTHER MIXTURE),,22.8,,22.8,,,NO,TANK WAS EMPTIED AND ISOLATED BUT REST OF FACILITY CONTINUED OPERATION,,,0.0,2/11/21 14:30,TOTALLY CONTAINED ON OPERATOR-CONTROLLED PROPERTY,"TANK, INCLUDING ATTACHED APPURTENANCES",1989.0,CARBON STEEL,LEAK,,,OTHER,UNDETERMINED YET,NO,YES,NO,YES,YES,NO,YES,YES,YES,YES,1643.0,50000.0,0.0,5500.0,0.0,NO,OTHER INCIDENT CAUSE,UNKNOWN,
122,2021,300,"PLAINS PIPELINE, L.P.",2/9/21 11:33,31.79256,-103.13336,CRUDE OIL,,,0.0,,0.0,,,YES,,2/9/21 11:50,2/9/21 14:28,0.0,2/9/21 11:33,TOTALLY CONTAINED ON OPERATOR-CONTROLLED PROPERTY,"TANK, INCLUDING ATTACHED APPURTENANCES",1949.0,CARBON STEEL,OTHER,,,,,NO,NO,NO,NO,,NO,,,,,48000.0,0.0,131000.0,0.0,0.0,NO,INCORRECT OPERATION,OTHER INCORRECT OPERATION,
123,2021,31720,"EXPRESS HOLDINGS (USA), LLC",2/9/21 7:15,42.22516,-104.691766,CRUDE OIL,,,0.4,,0.4,,,NO,TANK MIXER WAS LOCKED OUT,,,0.0,2/9/21 7:15,TOTALLY CONTAINED ON OPERATOR-CONTROLLED PROPERTY,"TANK, INCLUDING ATTACHED APPURTENANCES",2020.0,MATERIAL OTHER THAN CARBON STEEL,LEAK,,,SEAL OR PACKING,,NO,YES,NO,NO,,NO,,,,,21.0,4856.0,1695.0,2000.0,0.0,NO,EQUIPMENT FAILURE,OTHER EQUIPMENT FAILURE,
124,2021,18718,SUNOCO PIPELINE L.P.,2/8/21 18:38,40.31882,-76.03759,HVL OR OTHER FLAMMABLE OR TOXIC FLUID WHICH IS A GAS AT AMBIENT CONDITIONS,OTHER HVL,BUTANE,1.19,2.14,0.0,,,NO,SYSTEM WAS IN STATIC CONDITION AND FILTER WAS ISOLATED,,,0.0,2/8/21 18:38,TOTALLY CONTAINED ON OPERATOR-CONTROLLED PROPERTY,ABOVEGROUND,2019.0,MATERIAL OTHER THAN CARBON STEEL,LEAK,,,SEAL OR PACKING,,NO,NO,NO,NO,,NO,,,YES,YES,50.0,100.0,1900.0,0.0,0.0,NO,EQUIPMENT FAILURE,NON-THREADED CONNECTION FAILURE,3.33
125,2021,31618,ENTERPRISE PRODUCTS OPERATING LLC,2/4/21 14:48,29.719145,-95.060492,HVL OR OTHER FLAMMABLE OR TOXIC FLUID WHICH IS A GAS AT AMBIENT CONDITIONS,OTHER HVL,Y GRADE,0.1,1.0,0.0,,,NO,"PUMP WAS BYPASSED, ALLOWING THE PIPELINE TO CONTINUE OPERATING.",,,0.0,2/4/21 15:15,TOTALLY CONTAINED ON OPERATOR-CONTROLLED PROPERTY,ABOVEGROUND,2020.0,CARBON STEEL,LEAK,,,SEAL OR PACKING,,NO,NO,NO,NO,,NO,YES,YES,,,100.0,41000.0,0.0,0.0,0.0,NO,EQUIPMENT FAILURE,PUMP OR PUMP-RELATED EQUIPMENT,1.1
126,2021,39534,TORRANCE VALLEY PIPELINE COMPANY LLC,2/3/21 9:00,35.0764469,-119.3883459,CRUDE OIL,,,10.0,,10.0,,,YES,,2/3/21 9:00,2/4/21 19:55,0.0,2/3/21 9:18,PIPELINE RIGHT-OF-WAY,UNDERGROUND,1972.0,CARBON STEEL,LEAK,,,PINHOLE,,NO,YES,NO,NO,,NO,,,,,400.0,145000.0,0.0,75000.0,0.0,YES,CORROSION FAILURE,EXTERNAL CORROSION,
127,2021,30829,ENTERPRISE CRUDE PIPELINE LLC,2/2/21 18:30,32.6519,-103.1398,CRUDE OIL,,,3.0,,3.0,,,YES,,2/2/21 18:30,2/3/21 1:00,0.0,2/2/21 18:30,TOTALLY CONTAINED ON OPERATOR-CONTROLLED PROPERTY,ABOVEGROUND,,CARBON STEEL,LEAK,,,CONNECTION FAILURE,,NO,YES,NO,YES,YES,NO,,,,,164.0,800.0,11900.0,0.0,0.0,YES,CORROSION FAILURE,INTERNAL CORROSION,
128,2021,31555,KINDER MORGAN CO2 CO. LLC,2/2/21 10:45,33.60751,-104.08182,CO2 (CARBON DIOXIDE),,,3.89,1.87,0.0,,,NO,SHUTTING DOWN WOULD HAVE RESULTED IN A GREATER INTENTIONAL RELEASE VOLUME,,,0.0,2/2/21 10:45,TOTALLY CONTAINED ON OPERATOR-CONTROLLED PROPERTY,ABOVEGROUND,1982.0,MATERIAL OTHER THAN CARBON STEEL,LEAK,,,SEAL OR PACKING,,NO,NO,NO,NO,,NO,,,,,16.0,45738.0,0.0,0.0,0.0,YES,EQUIPMENT FAILURE,NON-THREADED CONNECTION FAILURE,5.76
129,2021,40026,"WINK TO WEBSTER PIPELINE, LLC",2/1/21 9:10,30.2787778,-96.9438611,CRUDE OIL,,,3.25,,3.25,,,NO,EQUIPMENT WAS ISOLATED WITHOUT SHUTTING DOWN,,,0.0,2/1/21 9:10,TOTALLY CONTAINED ON OPERATOR-CONTROLLED PROPERTY,ABOVEGROUND,2020.0,CARBON STEEL,LEAK,,,SEAL OR PACKING,,NO,YES,NO,NO,,NO,,,,,172.0,7300.0,0.0,46000.0,0.0,NO,EQUIPMENT FAILURE,THREADED CONNECTION/COUPLING FAILURE,
130,2021,2552,COLONIAL PIPELINE CO,2/1/21 6:30,30.528829,-91.746864,REFINED AND/OR PETROLEUM PRODUCT (NON-HVL) WHICH IS A LIQUID AT AMBIENT CONDITIONS,"DIESEL, FUEL OIL, KEROSENE, JET FUEL",,0.5,,0.5,,,NO,AFFECTED PUMP WAS ISOLATED FROM SYSTEM FOR REPAIRS,,,0.0,2/1/21 6:30,TOTALLY CONTAINED ON OPERATOR-CONTROLLED PROPERTY,ABOVEGROUND,2020.0,MATERIAL OTHER THAN CARBON STEEL,LEAK,,,SEAL OR PACKING,,NO,YES,NO,NO,,NO,YES,YES,,,30.0,20.0,0.0,28000.0,0.0,NO,EQUIPMENT FAILURE,PUMP OR PUMP-RELATED EQUIPMENT,
131,2021,10012,NUSTAR PIPELINE OPERATING PARTNERSHIP L.P.,1/31/21 8:40,30.08247,-90.92077,HVL OR OTHER FLAMMABLE OR TOXIC FLUID WHICH IS A GAS AT AMBIENT CONDITIONS,ANHYDROUS AMMONIA,,0.46,0.0,0.0,,,YES,,1/31/21 8:49,1/31/21 16:09,0.0,1/31/21 8:40,TOTALLY CONTAINED ON OPERATOR-CONTROLLED PROPERTY,ABOVEGROUND,1988.0,CARBON STEEL,LEAK,,,SEAL OR PACKING,,NO,NO,NO,NO,,NO,,,,,0.0,500.0,0.0,0.0,0.0,NO,EQUIPMENT FAILURE,MALFUNCTION OF CONTROL/RELIEF EQUIPMENT,0.46
132,2021,31574,"WESTERN REFINING LOGISTICS, LP",1/29/21 22:20,31.806306,-103.814611,CRUDE OIL,,,12.0,,12.0,,,YES,,1/29/21 22:20,2/4/21 16:15,0.0,1/29/21 22:15,TOTALLY CONTAINED ON OPERATOR-CONTROLLED PROPERTY,ABOVEGROUND,2015.0,CARBON STEEL,LEAK,,,SEAL OR PACKING,,NO,NO,NO,NO,,NO,,,,,150.0,471681.0,0.0,0.0,0.0,NO,EQUIPMENT FAILURE,PUMP OR PUMP-RELATED EQUIPMENT,
133,2021,18718,SUNOCO PIPELINE L.P.,1/29/21 8:39,31.919713,-101.314013,CRUDE OIL,,,0.59,,0.59,,,YES,,1/29/21 8:39,1/29/21 16:45,0.0,1/29/21 9:00,TOTALLY CONTAINED ON OPERATOR-CONTROLLED PROPERTY,ABOVEGROUND,1926.0,CARBON STEEL,OVERFILL OR OVERFLOW,,,,,NO,YES,NO,YES,YES,NO,,,,,25.0,0.0,0.0,500.0,0.0,NO,INCORRECT OPERATION,"TANK, VESSEL, OR SUMP/SEPARATOR ALLOWED OR CAUSED TO OVERFILL OR OVERFLOW",
134,2021,39149,IMTT-BAYONNE,1/29/21 4:20,40.64944,-74.14049,REFINED AND/OR PETROLEUM PRODUCT (NON-HVL) WHICH IS A LIQUID AT AMBIENT CONDITIONS,"DIESEL, FUEL OIL, KEROSENE, JET FUEL",,0.23,,0.1,,,NO,THE PUMP WAS REMOVED FROM SERVICE BUT THE FACILITY WAS NOT SHUT DOWN.,,,0.0,1/29/21 4:20,TOTALLY CONTAINED ON OPERATOR-CONTROLLED PROPERTY,ABOVEGROUND,1952.0,CARBON STEEL,LEAK,,,SEAL OR PACKING,,NO,YES,NO,NO,,NO,,,,,18.0,31054.0,4335.0,0.0,700.0,NO,EQUIPMENT FAILURE,PUMP OR PUMP-RELATED EQUIPMENT,
135,2021,32147,MARATHON PIPE LINE LLC,1/27/21 14:10,37.86345,-85.71671,CRUDE OIL,,,8.0,,8.0,,,YES,,1/27/21 14:10,2/2/21 12:34,0.0,1/27/21 14:10,TOTALLY CONTAINED ON OPERATOR-CONTROLLED PROPERTY,UNDERGROUND,1973.0,CARBON STEEL,LEAK,,,PINHOLE,,NO,YES,NO,NO,,NO,YES,YES,,,400.0,39160.0,35336.0,0.0,0.0,NO,CORROSION FAILURE,EXTERNAL CORROSION,
136,2021,31618,ENTERPRISE PRODUCTS OPERATING LLC,1/26/21 18:23,29.91285,-94.008,REFINED AND/OR PETROLEUM PRODUCT (NON-HVL) WHICH IS A LIQUID AT AMBIENT CONDITIONS,"DIESEL, FUEL OIL, KEROSENE, JET FUEL",,146.0,,146.0,,,NO,LINE WAS SHUT DOWN PRIOR TO ACCIDENT DISCOVERY.,,,0.0,1/26/21 18:23,TOTALLY CONTAINED ON OPERATOR-CONTROLLED PROPERTY,ABOVEGROUND,2009.0,MATERIAL OTHER THAN CARBON STEEL,OVERFILL OR OVERFLOW,,,,,NO,YES,NO,YES,YES,NO,YES,YES,YES,YES,8870.0,0.0,60000.0,39862.0,0.0,NO,INCORRECT OPERATION,"TANK, VESSEL, OR SUMP/SEPARATOR ALLOWED OR CAUSED TO OVERFILL OR OVERFLOW",
137,2021,26045,"PAR HAWAII REFINING, LLC",1/26/21 15:00,21.391835,-157.973109,REFINED AND/OR PETROLEUM PRODUCT (NON-HVL) WHICH IS A LIQUID AT AMBIENT CONDITIONS,"DIESEL, FUEL OIL, KEROSENE, JET FUEL",,12.0,,12.0,,,NO,PIPELINE WAS ALREADY SHUT DOWN FOR A MAINTENANCE EVENT,,,0.0,1/27/21 4:20,PIPELINE RIGHT-OF-WAY,ABOVEGROUND,,MATERIAL OTHER THAN CARBON STEEL,LEAK,,,SEAL OR PACKING,,NO,YES,YES,YES,YES,NO,,,,,1920.0,2000.0,7000.0,15000.0,1500.0,YES,EQUIPMENT FAILURE,OTHER EQUIPMENT FAILURE,
138,2021,22610,"MAGELLAN PIPELINE COMPANY, LP",1/26/21 14:00,29.727059,-95.199526,REFINED AND/OR PETROLEUM PRODUCT (NON-HVL) WHICH IS A LIQUID AT AMBIENT CONDITIONS,"DIESEL, FUEL OIL, KEROSENE, JET FUEL",,0.36,,0.36,,,NO,LINE WAS ALREADY DOWN AT TIME OF INCIDENT.,,,0.0,1/26/21 14:00,TOTALLY CONTAINED ON OPERATOR-CONTROLLED PROPERTY,UNDERGROUND,,MATERIAL OTHER THAN CARBON STEEL,LEAK,,,SEAL OR PACKING,,NO,YES,NO,NO,,NO,,,,,0.0,20000.0,2000.0,0.0,0.0,NO,EQUIPMENT FAILURE,NON-THREADED CONNECTION FAILURE,
139,2021,18718,SUNOCO PIPELINE L.P.,1/25/21 10:00,32.4823,-94.83008,CRUDE OIL,,,1.0,,1.0,,,NO,SUMP WAS ISOLATED FROM THE SYSTEM BY VALVES,,,0.0,1/25/21 10:00,TOTALLY CONTAINED ON OPERATOR-CONTROLLED PROPERTY,ABOVEGROUND,1931.0,CARBON STEEL,OVERFILL OR OVERFLOW,,,,,NO,YES,NO,YES,YES,NO,,,,,53.0,0.0,0.0,11075.0,0.0,NO,EQUIPMENT FAILURE,MALFUNCTION OF CONTROL/RELIEF EQUIPMENT,
140,2021,31684,PHILLIPS 66 PIPELINE LLC,1/22/21 10:42,35.8072993,-101.6419247,HVL OR OTHER FLAMMABLE OR TOXIC FLUID WHICH IS A GAS AT AMBIENT CONDITIONS,LPG (LIQUEFIED PETROLEUM GAS)  /  NGL (NATURAL GAS LIQUID),,0.45,0.0,0.0,,,NO,IT WAS ISOLATED AT THE PIG TRAP.,,,0.0,1/22/21 9:50,TOTALLY CONTAINED ON OPERATOR-CONTROLLED PROPERTY,ABOVEGROUND,,CARBON STEEL,LEAK,,,SEAL OR PACKING,,NO,YES,NO,YES,YES,NO,,,,,10.0,1000.0,0.0,5000.0,0.0,YES,EQUIPMENT FAILURE,NON-THREADED CONNECTION FAILURE,0.45
141,2021,30782,HARVEST MIDSTREAM COMPANY,1/22/21 6:38,28.84714,-98.08643,CRUDE OIL,,,0.24,,0.24,,,NO,SHUT VALVES TO BOOSTER PUMP; CONTINUED TO FLOW TO OTHER TANK.,,,0.0,1/22/21 6:16,TOTALLY CONTAINED ON OPERATOR-CONTROLLED PROPERTY,ABOVEGROUND,,CARBON STEEL,LEAK,,,CONNECTION FAILURE,,NO,YES,NO,YES,YES,NO,,,,,14.0,15000.0,180.0,5000.0,0.0,NO,EQUIPMENT FAILURE,PUMP OR PUMP-RELATED EQUIPMENT,
142,2021,31023,CITGO REFINING & CHEMICAL CO. L.P.,1/20/21 10:30,27.82173,-97.43572,REFINED AND/OR PETROLEUM PRODUCT (NON-HVL) WHICH IS A LIQUID AT AMBIENT CONDITIONS,OTHER,LIGHT CYCLE OIL,0.1,,0.1,,,NO,LINE WAS ISOLATED AT THE TIME OF LEAK,,,0.0,1/28/21 10:50,PIPELINE RIGHT-OF-WAY,TRANSITION AREA,1959.0,CARBON STEEL,LEAK,,,PINHOLE,,NO,YES,NO,YES,YES,NO,,,,,0.0,100000.0,0.0,50000.0,0.0,YES,CORROSION FAILURE,EXTERNAL CORROSION,
143,2021,31174,"SHELL PIPELINE CO., L.P.",1/19/21 9:20,30.84063889,-118.2511111,REFINED AND/OR PETROLEUM PRODUCT (NON-HVL) WHICH IS A LIQUID AT AMBIENT CONDITIONS,GASOLINE (NON-ETHANOL),,0.1,,0.0,,,YES,,1/20/21 6:00,,0.0,1/19/21 9:20,TOTALLY CONTAINED ON OPERATOR-CONTROLLED PROPERTY,"TANK, INCLUDING ATTACHED APPURTENANCES",1927.0,CARBON STEEL,LEAK,,,PINHOLE,,NO,NO,NO,NO,,NO,,,,,50.0,70000.0,0.0,0.0,0.0,NO,OTHER INCIDENT CAUSE,UNKNOWN,
144,2021,30829,ENTERPRISE CRUDE PIPELINE LLC,1/18/21 8:45,31.6561,-102.248111,CRUDE OIL,,,3.5,,3.5,,,NO,THE METER WAS ISOLATED,,,0.0,1/18/21 8:45,TOTALLY CONTAINED ON OPERATOR-CONTROLLED PROPERTY,ABOVEGROUND,,CARBON STEEL,OVERFILL OR OVERFLOW,,,,,NO,YES,NO,YES,YES,NO,,,,,200.0,1500.0,3100.0,0.0,0.0,NO,EQUIPMENT FAILURE,OTHER EQUIPMENT FAILURE,
145,2021,26041,"KINDER MORGAN LIQUID TERMINALS, LLC",1/18/21 7:30,29.72743,-95.200218,REFINED AND/OR PETROLEUM PRODUCT (NON-HVL) WHICH IS A LIQUID AT AMBIENT CONDITIONS,GASOLINE (NON-ETHANOL),,1.5,,1.5,,,YES,,1/18/21 7:31,,0.0,1/18/21 7:30,TOTALLY CONTAINED ON OPERATOR-CONTROLLED PROPERTY,"TANK, INCLUDING ATTACHED APPURTENANCES",2009.0,CARBON STEEL,LEAK,,,OTHER,UNKNOWN AS LINE IS 40' DEEP,NO,YES,NO,NO,,NO,YES,YES,YES,YES,122.0,27968.0,10960.0,0.0,0.0,NO,CORROSION FAILURE,EXTERNAL CORROSION,
146,2021,39833,"SAN MATEO BLACK RIVER OIL PIPELINE, LLC",1/17/21 8:00,32.426607,-104.083216,CRUDE OIL,,,1.0,,1.0,,,YES,,1/17/21 8:15,1/17/21 17:00,0.0,1/17/21 8:00,PIPELINE RIGHT-OF-WAY,ABOVEGROUND,2020.0,CARBON STEEL,LEAK,,,SEAL OR PACKING,,NO,YES,NO,NO,,NO,,,,,15.0,3000.0,8000.0,0.0,0.0,YES,EQUIPMENT FAILURE,NON-THREADED CONNECTION FAILURE,
147,2021,31618,ENTERPRISE PRODUCTS OPERATING LLC,1/16/21 16:20,33.26319,-92.62774,REFINED AND/OR PETROLEUM PRODUCT (NON-HVL) WHICH IS A LIQUID AT AMBIENT CONDITIONS,GASOLINE (NON-ETHANOL),,15.0,,15.0,,,YES,,1/16/21 16:20,,0.0,1/16/21 16:20,TOTALLY CONTAINED ON OPERATOR-CONTROLLED PROPERTY,"TANK, INCLUDING ATTACHED APPURTENANCES",1957.0,CARBON STEEL,LEAK,,,CONNECTION FAILURE,,NO,YES,NO,NO,,NO,YES,YES,,,1500.0,45000.0,10000.0,110000.0,0.0,NO,EQUIPMENT FAILURE,PUMP OR PUMP-RELATED EQUIPMENT,
148,2021,31618,ENTERPRISE PRODUCTS OPERATING LLC,1/15/21 14:30,28.587479,-96.916622,HVL OR OTHER FLAMMABLE OR TOXIC FLUID WHICH IS A GAS AT AMBIENT CONDITIONS,OTHER HVL,BUTANE,1.0,1324.0,0.0,,,YES,,1/15/21 15:30,1/17/21 16:30,0.0,1/15/21 15:15,PIPELINE RIGHT-OF-WAY,UNDERGROUND,1950.0,CARBON STEEL,LEAK,,,PINHOLE,,NO,NO,NO,NO,,NO,,,,,8800.0,238000.0,0.0,20000.0,14500.0,YES,CORROSION FAILURE,EXTERNAL CORROSION,1325.0
149,2021,30829,ENTERPRISE CRUDE PIPELINE LLC,1/15/21 11:45,35.94856,-96.75931,CRUDE OIL,,,10.0,,10.0,,,NO,TANK ISOLATED AT 12:57 CST ON 1/16/2021.,,,0.0,1/15/21 11:45,TOTALLY CONTAINED ON OPERATOR-CONTROLLED PROPERTY,"TANK, INCLUDING ATTACHED APPURTENANCES",2009.0,CARBON STEEL,LEAK,,,OTHER,LEG SLEEVE BROKEN FROM ROOF,NO,YES,NO,NO,,NO,,,,,9750.0,1041000.0,70000.0,0.0,0.0,NO,INCORRECT OPERATION,OTHER INCORRECT OPERATION,
150,2021,31618,ENTERPRISE PRODUCTS OPERATING LLC,1/13/21 14:58,30.126916,-95.198096,HVL OR OTHER FLAMMABLE OR TOXIC FLUID WHICH IS A GAS AT AMBIENT CONDITIONS,LPG (LIQUEFIED PETROLEUM GAS)  /  NGL (NATURAL GAS LIQUID),,0.1,2100.0,0.0,,,YES,,1/12/21 10:36,1/14/21 17:50,0.0,1/11/21 17:45,PIPELINE RIGHT-OF-WAY,UNDERGROUND,1993.0,CARBON STEEL,LEAK,,,PINHOLE,,NO,NO,NO,NO,,NO,,,,,4.0,55000.0,0.0,0.0,0.0,YES,MATERIAL FAILURE OF PIPE OR WELD,"CONSTRUCTION-, INSTALLATION-, OR FABRICATION-RELATED",2100.1
151,2021,31684,PHILLIPS 66 PIPELINE LLC,1/8/21 15:00,30.152075,-93.340114,REFINED AND/OR PETROLEUM PRODUCT (NON-HVL) WHICH IS A LIQUID AT AMBIENT CONDITIONS,"DIESEL, FUEL OIL, KEROSENE, JET FUEL",,0.97,,0.97,,,YES,,1/8/21 15:20,1/8/21 21:20,0.0,1/8/21 15:20,TOTALLY CONTAINED ON OPERATOR-CONTROLLED PROPERTY,"TANK, INCLUDING ATTACHED APPURTENANCES",1983.0,CARBON STEEL,MECHANICAL PUNCTURE,0.2,0.2,,,NO,YES,NO,YES,YES,NO,,,,,63.0,99967.0,18000.0,2525.0,0.0,NO,INCORRECT OPERATION,DAMAGE BY OPERATOR OR OPERATOR'S CONTRACTOR NOT RELATED TO EXCAVATION AND NOT DUE TO MOTORIZED VEHICLE/EQUIPMENT DAMAGE,
152,2021,32688,WEST COAST TERMINAL PIPELINE  (WCTP),1/8/21 11:20,33.8,-118.23,REFINED AND/OR PETROLEUM PRODUCT (NON-HVL) WHICH IS A LIQUID AT AMBIENT CONDITIONS,"DIESEL, FUEL OIL, KEROSENE, JET FUEL",,18.7,,18.7,,,NO,"TANK TAKEN OUT OF SERVICE, PIPELINE/FACILITY REMAINED OPERATIONAL",,,0.0,1/8/21 11:20,TOTALLY CONTAINED ON OPERATOR-CONTROLLED PROPERTY,"TANK, INCLUDING ATTACHED APPURTENANCES",1992.0,CARBON STEEL,LEAK,,,OTHER,UNDER INVESTIGATION,NO,YES,NO,NO,,NO,,,,,1146.0,67000.0,6446.0,0.0,0.0,NO,OTHER INCIDENT CAUSE,UNKNOWN,
153,2021,39785,"EPIC CONSOLIDATED OPERATIONS, LLC",1/6/21 23:06,27.8271056,-97.61775555,CRUDE OIL,,,1.11,,0.0,,,YES,,1/6/21 22:17,1/6/21 22:32,0.0,1/6/21 22:15,TOTALLY CONTAINED ON OPERATOR-CONTROLLED PROPERTY,ABOVEGROUND,2019.0,CARBON STEEL,LEAK,,,SEAL OR PACKING,,NO,NO,NO,NO,,NO,,,,,50.0,9000.0,0.0,9000.0,0.0,NO,EQUIPMENT FAILURE,PUMP OR PUMP-RELATED EQUIPMENT,
154,2021,18718,SUNOCO PIPELINE L.P.,1/6/21 14:15,32.07215,-96.470688,CRUDE OIL,,,0.5,,0.5,,,NO,CRUDE WAS REROUTED THROUGH OTHER PIPING IN THE STATION,,,0.0,1/6/21 14:15,TOTALLY CONTAINED ON OPERATOR-CONTROLLED PROPERTY,UNDERGROUND,1953.0,CARBON STEEL,LEAK,,,PINHOLE,,NO,YES,NO,YES,YES,NO,YES,YES,,,10.0,1000.0,17000.0,3000.0,0.0,NO,CORROSION FAILURE,INTERNAL CORROSION,
155,2021,31618,ENTERPRISE PRODUCTS OPERATING LLC,1/4/21 18:13,29.910874,-94.010014,REFINED AND/OR PETROLEUM PRODUCT (NON-HVL) WHICH IS A LIQUID AT AMBIENT CONDITIONS,"DIESEL, FUEL OIL, KEROSENE, JET FUEL",,0.2,,0.2,,,YES,,1/4/21 18:13,1/4/21 20:21,0.0,1/4/21 18:13,TOTALLY CONTAINED ON OPERATOR-CONTROLLED PROPERTY,ABOVEGROUND,2009.0,CARBON STEEL,LEAK,,,OTHER,VALVE WAS INCORRECTLY OPENED,NO,NO,NO,NO,,NO,YES,YES,YES,YES,12.0,0.0,5000.0,0.0,0.0,NO,INCORRECT OPERATION,"VALVE LEFT OR PLACED IN WRONG POSITION, BUT NOT RESULTING IN A TANK, VESSEL, OR SUMP/SEPARATOR OVERFLOW OR FACILITY OVERPRESSURE",
156,2021,30829,ENTERPRISE CRUDE PIPELINE LLC,1/1/21 8:30,32.02,-102.0162,CRUDE OIL,,,0.6,,0.0,,,NO,THE SUMP PUMP WAS NOT RUNNING.,,,0.0,1/1/21 8:30,TOTALLY CONTAINED ON OPERATOR-CONTROLLED PROPERTY,ABOVEGROUND,2019.0,CARBON STEEL,OVERFILL OR OVERFLOW,,,,,NO,YES,NO,YES,YES,NO,,,,,29.0,0.0,2000.0,0.0,0.0,NO,EQUIPMENT FAILURE,PUMP OR PUMP-RELATED EQUIPMENT,
157,2021,4906,EXXONMOBIL PIPELINE CO,1/1/21 8:30,31.7752459,-103.1068796,CRUDE OIL,,,0.2,,0.2,,,NO,FACILITY WAS ALREADY DOWN,,,0.0,1/1/21 8:30,TOTALLY CONTAINED ON OPERATOR-CONTROLLED PROPERTY,ABOVEGROUND,2020.0,MATERIAL OTHER THAN CARBON STEEL,LEAK,,,SEAL OR PACKING,,NO,YES,NO,NO,,NO,,,,,20.0,3000.0,0.0,3800.0,0.0,NO,EQUIPMENT FAILURE,PUMP OR PUMP-RELATED EQUIPMENT,
