,IYEAR,NAME,LOCATION_LATITUDE,LOCATION_LONGITUDE,COMMODITY_RELEASED_TYPE,UNINTENTIONAL_RELEASE_BBLS,INTENTIONAL_RELEASE_BBLS,RECOVERED_BBLS,FATALITY_IND,FATAL,INJURY_IND,INJURE,SHUTDOWN_DUE_ACCIDENT_IND,MATERIAL_INVOLVED,RELEASE_TYPE,LEAK_TYPE,Latitude,Longitude,Accuracy Score,Accuracy Type,Number,Street,Unit Type,Unit Number,City,State,County,Zip,Country,Source,net_spill,incident_count
3435,2012,MOBIL CHEMICAL CO,30.066112,-93.820278,HVL OR OTHER FLAMMABLE OR TOXIC FLUID WHICH IS A GAS AT AMBIENT CONDITIONS,0.2,0.0,0.0,NO,,NO,,NO,,LEAK,SEAL OR PACKING,30.066671,-93.820657,1.0,rooftop,3572,Whisper Ln,,,Orange,TX,Orange County,77630,US,Orange,0.2,1
3440,2012,ENTERPRISE PRODUCTS OPERATING LLC,29.718947,-95.059155,REFINED AND/OR PETROLEUM PRODUCT (NON-HVL) WHICH IS A LIQUID AT AMBIENT CONDITIONS,0.23,0.0,0.23,NO,,NO,,NO,MATERIAL OTHER THAN CARBON STEEL,OTHER,,29.706376,-95.066946,0.9,nearest_street,1249,Miller Cut Off Rd,,,La Porte,TX,Harris County,77571,US,TIGER/Line® dataset from the US Census Bureau,0.0,1
3445,2012,SUNOCO PIPELINE L.P.,33.86379,-97.95413,CRUDE OIL,1.0,0.0,0.5,NO,,NO,,NO,,LEAK,PINHOLE,33.863133,-97.954026,1.0,rooftop,892,Pump Station Rd,,,Ringgold,TX,Montague County,76261,US,Montague,0.5,1
3446,2012,"ONEOK NGL PIPELINE, LLC",33.59202,-96.38146,HVL OR OTHER FLAMMABLE OR TOXIC FLUID WHICH IS A GAS AT AMBIENT CONDITIONS,6719.0,0.0,0.0,NO,,NO,,YES,CARBON STEEL,RUPTURE,,33.596532,-96.382365,0.94,nearest_street,1698,Lovers Ln,,,Bells,TX,Fannin County,75414,US,TIGER/Line® dataset from the US Census Bureau,6719.0,1
3447,2012,MOBIL  PIPE  LINE COMPANY,30.049461,-94.069686,CRUDE OIL,4.25,0.0,4.0,NO,,NO,,NO,,OTHER,,30.049221,-94.069802,1.0,rooftop,955,Olin Rd,,,Beaumont,TX,Jefferson County,77705,US,Jefferson,0.25,1
3453,2012,MOBIL CORP,29.9771376,-94.0563685,REFINED AND/OR PETROLEUM PRODUCT (NON-HVL) WHICH IS A LIQUID AT AMBIENT CONDITIONS,0.3,0.0,0.3,NO,,NO,,NO,,OVERFILL OR OVERFLOW,,29.97715,-94.05617,1.0,rooftop,14974,W Port Arthur Rd,,,Beaumont,TX,Jefferson County,77705,US,Jefferson,0.0,1
3454,2012,ENTERPRISE CRUDE PIPELINE LLC,29.712258,-95.880858,CRUDE OIL,5.0,0.0,5.0,NO,,NO,,YES,CARBON STEEL,LEAK,PINHOLE,29.712248,-95.881171,1.0,rooftop,6035,Fulshear Katy,,,Fulshear,TX,Fort Bend County,77441,US,Fort Bend,0.0,1
3459,2012,ENTERPRISE PRODUCTS OPERATING LLC,32.113857,-101.255144,REFINED AND/OR PETROLEUM PRODUCT (NON-HVL) WHICH IS A LIQUID AT AMBIENT CONDITIONS,0.1,0.0,0.0,NO,,NO,,YES,CARBON STEEL,LEAK,SEAL OR PACKING,32.113857,-101.255144,0.08,nearest_place,,,,,Forsan,TX,Howard County,79733,US,TIGER/Line® dataset from the US Census Bureau,0.1,1
3461,2012,ENERGY TRANSFER COMPANY,28.894955,-97.759029,HVL OR OTHER FLAMMABLE OR TOXIC FLUID WHICH IS A GAS AT AMBIENT CONDITIONS,1187.69,0.0,0.0,NO,,NO,,YES,MATERIAL OTHER THAN CARBON STEEL,LEAK,CONNECTION FAILURE,28.894955,-97.759029,0.17,nearest_place,,,,,Runge,TX,Karnes County,78151,US,TIGER/Line® dataset from the US Census Bureau,1187.69,1
3462,2012,COLONIAL PIPELINE CO,29.71816,-95.17971,REFINED AND/OR PETROLEUM PRODUCT (NON-HVL) WHICH IS A LIQUID AT AMBIENT CONDITIONS,11.0,0.0,11.0,NO,,NO,,NO,CARBON STEEL,LEAK,CRACK,29.718772,-95.179564,1.0,rooftop,302,Jefferson,,,Pasadena,TX,Harris County,77506,US,City of Houston,0.0,1
3463,2012,MOTIVA ENTERPRISE LLC,29.87283,-93.95767,REFINED AND/OR PETROLEUM PRODUCT (NON-HVL) WHICH IS A LIQUID AT AMBIENT CONDITIONS,23.0,0.0,0.0,NO,,NO,,YES,CARBON STEEL,LEAK,PINHOLE,29.872167,-93.957629,1.0,rooftop,1976,Terminal Rd,,,Port Arthur,TX,Jefferson County,77640,US,Jefferson,23.0,1
3468,2012,EXPLORER PIPELINE CO,30.84377614,-95.49514204,REFINED AND/OR PETROLEUM PRODUCT (NON-HVL) WHICH IS A LIQUID AT AMBIENT CONDITIONS,86.0,0.0,86.0,NO,,NO,,YES,CARBON STEEL,LEAK,SEAL OR PACKING,30.843794,-95.494972,1.0,rooftop,82,Louis Voan Rd,,,Huntsville,TX,Walker County,77320,US,Walker,0.0,1
3472,2012,"PLAINS MARKETING, L.P.",31.01183,-102.01582,CRUDE OIL,10.0,0.0,10.0,NO,,NO,,YES,CARBON STEEL,LEAK,OTHER,31.01183,-102.01582,0.05,nearest_place,,,,,Iraan,TX,Crockett County,79744,US,TIGER/Line® dataset from the US Census Bureau,0.0,1
3476,2012,ENTERPRISE PRODUCTS OPERATING LLC,29.951987,-93.887925,HVL OR OTHER FLAMMABLE OR TOXIC FLUID WHICH IS A GAS AT AMBIENT CONDITIONS,1.3,0.0,0.0,NO,,NO,,NO,CARBON STEEL,LEAK,CONNECTION FAILURE,29.951994,-93.887964,1.0,rooftop,2260,Atlantic Rd,,,Port Arthur,TX,Jefferson County,77642,US,Jefferson,1.3,1
3477,2012,"PLAINS PIPELINE, L.P.",33.767016,-96.89285,CRUDE OIL,1.5,0.0,1.5,NO,,NO,,NO,,LEAK,OTHER,33.766944,-96.893115,1.0,rooftop,25457,United States Highway 377,,,Whitesboro,TX,Grayson County,76273,US,Grayson,0.0,1
3478,2012,"MAGELLAN PIPELINE COMPANY, LP",32.06432,-96.86338,REFINED AND/OR PETROLEUM PRODUCT (NON-HVL) WHICH IS A LIQUID AT AMBIENT CONDITIONS,40.0,0.0,40.0,NO,,NO,,,MATERIAL OTHER THAN CARBON STEEL,LEAK,CONNECTION FAILURE,32.065576,-96.863592,0.99,rooftop,21115,W State Highway 22,,,Frost,TX,Navarro County,76641,US,Navarro,0.0,1
3482,2012,SUNOCO PIPELINE L.P.,30.28649,-94.50634,CRUDE OIL,0.5,0.0,0.0,NO,,NO,,YES,,LEAK,PINHOLE,30.286642,-94.506228,1.0,rooftop,15483,Farm To Market Rd,,,Saratoga,TX,Hardin County,77585,US,Hardin,0.5,1
3484,2012,"KOCH PIPELINE COMPANY, L.P.",29.11242,-98.11987,REFINED AND/OR PETROLEUM PRODUCT (NON-HVL) WHICH IS A LIQUID AT AMBIENT CONDITIONS,2.0,0.0,1.95,NO,,NO,,YES,CARBON STEEL,LEAK,SEAL OR PACKING,29.11213,-98.119759,1.0,nearest_street,,US 181,,,Floresville,TX,Wilson County,78114,US,TIGER/Line® dataset from the US Census Bureau,0.050000000000000044,1
3496,2012,HARVEST PIPELINE COMPANY,28.60758,-97.81663,CRUDE OIL,100.0,0.0,10.0,NO,,NO,,YES,CARBON STEEL,MECHANICAL PUNCTURE,,28.611028,-97.81874,0.95,nearest_street,888,F-M 623 W,,,Pettus,TX,Bee County,78146,US,TIGER/Line® dataset from the US Census Bureau,90.0,1
3500,2012,"KINDER MORGAN LIQUID TERMINALS, LLC",29.72536,-95.203354,REFINED AND/OR PETROLEUM PRODUCT (NON-HVL) WHICH IS A LIQUID AT AMBIENT CONDITIONS,0.12,0.0,0.12,NO,,NO,,YES,CARBON STEEL,LEAK,SEAL OR PACKING,29.725465,-95.203442,0.99,nearest_street,1277,N Witter St,,,Pasadena,TX,Harris County,77506,US,TIGER/Line® dataset from the US Census Bureau,0.0,1
3501,2012,ENTERPRISE CRUDE PIPELINE LLC,33.138683,-98.122177,CRUDE OIL,450.0,0.0,450.0,NO,,NO,,YES,CARBON STEEL,LEAK,PINHOLE,33.139894,-98.121797,0.99,rooftop,380,Brummett Ln,,,Jacksboro,TX,Jack County,76458,US,Jack,0.0,1
3503,2012,CITGO PIPELINE CO,30.145154,-94.405099,CRUDE OIL,718.0,0.0,663.0,NO,,NO,,,CARBON STEEL,LEAK,PINHOLE,30.145578,-94.403595,0.99,rooftop,530,Highway 326 N,,,Sour Lake,TX,Hardin County,77659,US,Hardin,55.0,1
3518,2012,SUNOCO PIPELINE L.P.,30.6688,-94.527,CRUDE OIL,0.24,0.0,0.0,NO,,NO,,NO,,LEAK,SEAL OR PACKING,30.669514,-94.526032,0.99,rooftop,5766,County Rd 1150,,,Woodville,TX,Tyler County,75979,US,Tyler,0.24,1
3521,2012,ENTERPRISE CRUDE PIPELINE LLC,32.089083,-102.138981,CRUDE OIL,1.5,0.0,1.5,NO,,NO,,NO,,OVERFILL OR OVERFLOW,,32.089083,-102.138981,0.1,nearest_place,,,,,Midland,TX,Martin County,79705,US,TIGER/Line® dataset from the US Census Bureau,0.0,1
3522,2012,SUNOCO PIPELINE L.P.,31.77393,-96.40047,CRUDE OIL,13.0,0.0,10.0,NO,,NO,,NO,MATERIAL OTHER THAN CARBON STEEL,LEAK,SEAL OR PACKING,31.774996,-96.401033,0.99,rooftop,1450,W FM 27,,,Wortham,TX,Freestone County,76693,US,Freestone,3.0,1
3523,2012,ENTERPRISE CRUDE PIPELINE LLC,29.348547,-94.939136,CRUDE OIL,1.0,0.0,0.5,NO,,NO,,,,RUPTURE,,29.348547,-94.939136,0.23,nearest_place,,,,,Texas City,TX,Galveston County,77590,US,TIGER/Line® dataset from the US Census Bureau,0.5,1
3527,2012,KINDER MORGAN WINK PIPELINE LP,31.76885,-103.17565,CRUDE OIL,1.09,0.0,0.0,NO,,NO,,NO,,LEAK,PINHOLE,31.767828,-103.177301,0.99,rooftop,6949,County Rd 201,,,Wink,TX,Winkler County,79789,US,Winkler,1.09,1
3529,2012,"MAGELLAN PIPELINE COMPANY, LP",29.79449,-95.28034,REFINED AND/OR PETROLEUM PRODUCT (NON-HVL) WHICH IS A LIQUID AT AMBIENT CONDITIONS,0.71,0.0,0.71,NO,,NO,,YES,,LEAK,CONNECTION FAILURE,29.7954,-95.281893,0.99,rooftop,7901,Wallisville Rd,,,Houston,TX,Harris County,77029,US,City of Houston,0.0,1
3530,2012,WEST TEXAS GULF PIPELINE CO,32.5327,-100.8309,CRUDE OIL,0.48,0.0,0.0,NO,,NO,,NO,,LEAK,PINHOLE,32.531673,-100.830696,0.99,rooftop,3250,County Rd 4156,,,Hermleigh,TX,Scurry County,79526,US,Scurry,0.48,1
3532,2012,"PLAINS PIPELINE, L.P.",32.532,-100.83054,CRUDE OIL,1.0,0.0,1.0,NO,,NO,,NO,,OVERFILL OR OVERFLOW,,32.531673,-100.830696,1.0,rooftop,3250,County Rd 4156,,,Hermleigh,TX,Scurry County,79526,US,Scurry,0.0,1
3533,2012,ENTERPRISE CRUDE PIPELINE LLC,33.33278,-98.72257,CRUDE OIL,1.0,0.0,0.25,NO,,NO,,,,LEAK,PINHOLE,33.331241,-98.72254,0.97,nearest_street,615,Johnson Rd,,,Olney,TX,Young County,76374,US,TIGER/Line® dataset from the US Census Bureau,0.75,1
3534,2012,CITGO PIPELINE CO,30.145154,-94.405099,CRUDE OIL,70.0,0.0,68.0,NO,,NO,,NO,MATERIAL OTHER THAN CARBON STEEL,OTHER,,30.145578,-94.403595,0.99,rooftop,530,Highway 326 N,,,Sour Lake,TX,Hardin County,77659,US,Hardin,2.0,1
3535,2012,"PLAINS PIPELINE, L.P.",31.13575,-102.18757,CRUDE OIL,10.0,0.0,10.0,NO,,NO,,YES,CARBON STEEL,LEAK,PINHOLE,31.136292,-102.187554,1.0,rooftop,1657,Shell Rd,,,Mc Camey,TX,Upton County,79752,US,Upton,0.0,1
3536,2012,ENTERPRISE CRUDE PIPELINE LLC,29.34525,-94.935183,CRUDE OIL,40.0,0.0,40.0,NO,,NO,,YES,CARBON STEEL,LEAK,PINHOLE,29.34525,-94.935183,0.22,nearest_place,,,,,Texas City,TX,Galveston County,77590,US,TIGER/Line® dataset from the US Census Bureau,0.0,1
3537,2012,ENTERPRISE PRODUCTS OPERATING LLC,32.1057904,-101.2216288,HVL OR OTHER FLAMMABLE OR TOXIC FLUID WHICH IS A GAS AT AMBIENT CONDITIONS,6700.0,0.0,0.0,NO,,NO,,YES,CARBON STEEL,RUPTURE,,32.10579,-101.221629,0.06,nearest_place,,,,,Forsan,TX,Howard County,79733,US,TIGER/Line® dataset from the US Census Bureau,6700.0,1
3541,2012,ENTERPRISE CRUDE PIPELINE LLC,28.949889,-95.432381,CRUDE OIL,100.0,0.0,100.0,NO,,NO,,YES,CARBON STEEL,LEAK,OTHER,28.948606,-95.433866,0.99,rooftop,6101,Sh,,,Freeport,TX,Brazoria County,77541,US,Brazoria,0.0,1
3543,2012,"KINDER MORGAN LIQUID TERMINALS, LLC",29.72536,-95.20334,REFINED AND/OR PETROLEUM PRODUCT (NON-HVL) WHICH IS A LIQUID AT AMBIENT CONDITIONS,0.5,0.0,0.5,NO,,NO,,YES,CARBON STEEL,LEAK,PINHOLE,29.725465,-95.203442,0.99,nearest_street,1277,N Witter St,,,Pasadena,TX,Harris County,77506,US,TIGER/Line® dataset from the US Census Bureau,0.0,1
3550,2012,"PLAINS PIPELINE, L.P.",32.01493,-102.02951,CRUDE OIL,80.0,0.0,80.0,NO,,NO,,YES,CARBON STEEL,MECHANICAL PUNCTURE,,32.011579,-102.0298,0.95,nearest_street,3416,Industrial Ave,,,Midland,TX,Midland County,79706,US,TIGER/Line® dataset from the US Census Bureau,0.0,1
3552,2012,ENTERPRISE PRODUCTS OPERATING LLC,29.955034,-94.24222,HVL OR OTHER FLAMMABLE OR TOXIC FLUID WHICH IS A GAS AT AMBIENT CONDITIONS,2.0,3.0,0.0,NO,,NO,,YES,CARBON STEEL,OTHER,,29.955128,-94.242348,1.0,rooftop,8966,W Clubb Rd,,,Beaumont,TX,Jefferson County,77713,US,Jefferson,5.0,1
3555,2012,COLONIAL PIPELINE CO,29.97583,-94.05681,REFINED AND/OR PETROLEUM PRODUCT (NON-HVL) WHICH IS A LIQUID AT AMBIENT CONDITIONS,1.19,0.0,1.19,NO,,NO,,NO,,LEAK,CONNECTION FAILURE,29.976542,-94.056145,0.99,rooftop,14919,W Port Arthur Rd,,,Beaumont,TX,Jefferson County,77705,US,Jefferson,0.0,1
3560,2012,ENTERPRISE PRODUCTS OPERATING LLC,29.911491,-94.008985,REFINED AND/OR PETROLEUM PRODUCT (NON-HVL) WHICH IS A LIQUID AT AMBIENT CONDITIONS,5.0,0.0,2.0,NO,,NO,,YES,CARBON STEEL,LEAK,PINHOLE,29.909074,-94.013875,0.94,nearest_street,6553,W Port Arthur Rd,,,Port Arthur,TX,Jefferson County,77640,US,TIGER/Line® dataset from the US Census Bureau,3.0,1
3565,2012,EXXONMOBIL PIPELINE CO,29.764311,-94.982056,HVL OR OTHER FLAMMABLE OR TOXIC FLUID WHICH IS A GAS AT AMBIENT CONDITIONS,0.25,0.0,0.0,NO,,NO,,YES,CARBON STEEL,LEAK,PINHOLE,29.764628,-94.982705,1.0,rooftop,4002,Bear Creek Trce,,,Baytown,TX,Harris County,77521,US,Harris,0.25,1
3566,2012,"DELEK PIPELINE TEXAS, INC",32.28877,-94.50289,CRUDE OIL,5.0,0.0,0.0,NO,,NO,,YES,CARBON STEEL,LEAK,PINHOLE,32.285178,-94.499797,0.94,nearest_street,491,County Rd 260,,,Beckville,TX,Panola County,75631,US,TIGER/Line® dataset from the US Census Bureau,5.0,1
3572,2012,SUNOCO PIPELINE L.P.,30.16414,-94.43055,CRUDE OIL,3.0,0.0,0.0,NO,,NO,,YES,,LEAK,PINHOLE,30.162085,-94.4304,0.96,nearest_street,9346,Old Batson Saratoga Rd,,,Sour Lake,TX,Hardin County,77659,US,TIGER/Line® dataset from the US Census Bureau,3.0,1
3574,2012,"KOCH PIPELINE COMPANY, L.P.",27.826919,-97.198572,CRUDE OIL,24.2,0.0,24.2,NO,,NO,,YES,CARBON STEEL,OTHER,,27.829364,-97.19645,0.95,nearest_street,328,Farm To Market Rd 1069,,,Aransas Pass,TX,San Patricio County,78336,US,TIGER/Line® dataset from the US Census Bureau,0.0,1
3575,2012,"SHELL PIPELINE CO., L.P.",29.3786,-95.1101,HVL OR OTHER FLAMMABLE OR TOXIC FLUID WHICH IS A GAS AT AMBIENT CONDITIONS,0.44,0.0,0.0,NO,,NO,,YES,,LEAK,CONNECTION FAILURE,29.378442,-95.109789,1.0,rooftop,4414,Davis Hall Rd,,,Santa Fe,TX,Galveston County,77510,US,Galveston,0.44,1
3579,2012,SUNOCO PIPELINE L.P.,30.1457,-94.4076,CRUDE OIL,0.36,0.0,0.0,NO,,NO,,NO,,LEAK,PINHOLE,30.146737,-94.408821,0.99,rooftop,810,Gulf Rd,,,Sour Lake,TX,Hardin County,77659,US,Hardin,0.36,1
3581,2012,ENERGY TRANSFER COMPANY,31.19309,-102.98994,HVL OR OTHER FLAMMABLE OR TOXIC FLUID WHICH IS A GAS AT AMBIENT CONDITIONS,217.0,0.0,0.0,NO,,NO,,YES,CARBON STEEL,LEAK,CONNECTION FAILURE,31.192946,-102.990439,1.0,rooftop,4230,Mobil Rd,,,Fort Stockton,TX,Pecos County,79735,US,Pecos,217.0,1
3584,2012,COLONIAL PIPELINE CO,29.97504,-94.05633,REFINED AND/OR PETROLEUM PRODUCT (NON-HVL) WHICH IS A LIQUID AT AMBIENT CONDITIONS,0.83,0.0,0.79,NO,,NO,,YES,,OVERFILL OR OVERFLOW,,29.974613,-94.054941,0.99,rooftop,14713,W Port Arthur Rd,,,Beaumont,TX,Jefferson County,77705,US,Jefferson,0.039999999999999925,1
3585,2012,MOTIVA ENTERPRISE LLC,29.51419,-93.5739,REFINED AND/OR PETROLEUM PRODUCT (NON-HVL) WHICH IS A LIQUID AT AMBIENT CONDITIONS,0.2,0.0,0.2,NO,,NO,,YES,,LEAK,PINHOLE,29.51419,-93.5739,0.02,nearest_place,,,,,Sabine Pass,TX,,77655,US,TIGER/Line® dataset from the US Census Bureau,0.0,1
3589,2012,THE DOW CHEMICAL COMPANY,28.9598,-95.31151,REFINED AND/OR PETROLEUM PRODUCT (NON-HVL) WHICH IS A LIQUID AT AMBIENT CONDITIONS,132.0,0.0,0.0,NO,,NO,,NO,CARBON STEEL,RUPTURE,,28.961025,-95.309967,0.99,rooftop,516,Levee Rd,,,Freeport,TX,Brazoria County,77541,US,Brazoria,132.0,1
3591,2012,"KINDER MORGAN LIQUID TERMINALS, LLC",29.72536,-95.203354,REFINED AND/OR PETROLEUM PRODUCT (NON-HVL) WHICH IS A LIQUID AT AMBIENT CONDITIONS,16.0,0.0,16.0,NO,,NO,,YES,CARBON STEEL,LEAK,OTHER,29.725465,-95.203442,0.99,nearest_street,1277,N Witter St,,,Pasadena,TX,Harris County,77506,US,TIGER/Line® dataset from the US Census Bureau,0.0,1
3592,2012,CHEVRON PIPE LINE CO,29.8964,-94.0054,HVL OR OTHER FLAMMABLE OR TOXIC FLUID WHICH IS A GAS AT AMBIENT CONDITIONS,3117.0,0.0,0.0,NO,,NO,,YES,CARBON STEEL,RUPTURE,,29.896659,-94.005649,1.0,rooftop,6036,W Port Arthur Rd,,,Port Arthur,TX,Jefferson County,77640,US,Jefferson,3117.0,1
3594,2012,ENTERPRISE PRODUCTS OPERATING LLC,32.779328,-102.950633,HVL OR OTHER FLAMMABLE OR TOXIC FLUID WHICH IS A GAS AT AMBIENT CONDITIONS,6.3,6.0,0.0,NO,,NO,,YES,CARBON STEEL,LEAK,OTHER,32.778612,-102.950328,0.99,rooftop,461,County Rd 237,,,Seminole,TX,Gaines County,79360,US,Statewide Partial,12.3,1
3601,2012,SUNOCO PIPELINE L.P.,30.80147,-96.28436,CRUDE OIL,0.12,0.0,0.12,NO,,NO,,YES,,LEAK,PINHOLE,30.801655,-96.284411,0.99,nearest_street,9420,Opersteny Ln,,,Bryan,TX,Brazos County,77808,US,TIGER/Line® dataset from the US Census Bureau,0.0,1
3602,2012,SUNOCO PIPELINE L.P.,30.79796,-96.27369,CRUDE OIL,2.0,0.0,0.0,NO,,NO,,YES,,LEAK,PINHOLE,30.795275,-96.27857,0.94,nearest_street,1700,N FM 2038,,,Bryan,TX,Brazos County,77808,US,TIGER/Line® dataset from the US Census Bureau,2.0,1
3603,2012,SUNOCO PIPELINE L.P.,32.0729,-96.4767,CRUDE OIL,0.12,0.0,0.0,NO,,NO,,NO,,LEAK,PINHOLE,32.073114,-96.47824,0.99,rooftop,2375,Oak Valley Rd,,,Corsicana,TX,Navarro County,75110,US,Navarro,0.12,1
3605,2012,CITGO PRODUCTS PIPELINE CO,28.809202,-96.978674,REFINED AND/OR PETROLEUM PRODUCT (NON-HVL) WHICH IS A LIQUID AT AMBIENT CONDITIONS,0.48,0.0,0.24,NO,,NO,,NO,,OTHER,,28.809294,-96.979434,1.0,rooftop,2401,Houston Hwy,,,Victoria,TX,Victoria County,77901,US,Victoria,0.24,1
3608,2012,EXPLORER PIPELINE CO,29.81987246,-95.15331796,REFINED AND/OR PETROLEUM PRODUCT (NON-HVL) WHICH IS A LIQUID AT AMBIENT CONDITIONS,2.4,0.0,2.4,NO,,NO,,NO,CARBON STEEL,LEAK,PINHOLE,29.819773,-95.15345,1.0,rooftop,15003,Moore Rd,,,Houston,TX,Harris County,77049,US,Harris,0.0,1
3609,2012,"HOLLY ENERGY PARTNERS - OPERATING, L.P.",33.247889,-98.792389,REFINED AND/OR PETROLEUM PRODUCT (NON-HVL) WHICH IS A LIQUID AT AMBIENT CONDITIONS,465.0,0.0,0.0,NO,,NO,,YES,CARBON STEEL,MECHANICAL PUNCTURE,,33.247889,-98.792389,0.11,nearest_place,,,,,Newcastle,TX,Young County,76372,US,TIGER/Line® dataset from the US Census Bureau,465.0,1
3615,2012,SUNOCO PIPELINE L.P.,32.4813,-94.8373,CRUDE OIL,0.12,0.0,0.0,NO,,NO,,NO,,LEAK,PINHOLE,32.48091,-94.841609,0.95,nearest_street,298,Ashcraft Ln,,,Longview,TX,Gregg County,75604,US,TIGER/Line® dataset from the US Census Bureau,0.12,1
3616,2012,ENTERPRISE CRUDE PIPELINE LLC,29.952222,-96.861139,CRUDE OIL,1.0,0.0,0.2,NO,,NO,,YES,,LEAK,SEAL OR PACKING,29.952449,-96.86169,1.0,rooftop,4020,Farm To Market Rd 2145,,,La Grange,TX,Fayette County,78945,US,Fayette,0.8,1
3617,2012,VALERO TERMINALING AND DISTRIBUTION COMPANY,29.997663,-94.076706,CRUDE OIL,250.0,0.0,0.0,NO,,NO,,YES,CARBON STEEL,LEAK,PINHOLE,30.008231,-94.084929,0.91,nearest_street,609,Hillebrandt Rd,,,Beaumont,TX,Jefferson County,77705,US,TIGER/Line® dataset from the US Census Bureau,250.0,1
3621,2012,ENTERPRISE CRUDE PIPELINE LLC,28.950953,-95.432542,CRUDE OIL,1.0,0.0,0.5,NO,,NO,,YES,,LEAK,SEAL OR PACKING,28.950953,-95.432542,0.09,nearest_place,,,,,Lake Jackson,TX,Brazoria County,77566,US,TIGER/Line® dataset from the US Census Bureau,0.5,1
3622,2012,ENTERPRISE CRUDE PIPELINE LLC,29.145494,-95.674314,CRUDE OIL,8.0,0.0,7.0,NO,,NO,,YES,CARBON STEEL,LEAK,OTHER,29.146291,-95.674937,0.99,rooftop,34196,Farm To Market Rd 1301,,,West Columbia,TX,Brazoria County,77486,US,Brazoria,1.0,1
3623,2012,"PLAINS PIPELINE, L.P.",33.17535,-102.23929,CRUDE OIL,20.0,0.0,20.0,NO,,NO,,YES,CARBON STEEL,MECHANICAL PUNCTURE,,33.175353,-102.239551,1.0,rooftop,1538,Pecan Dr,,,Brownfield,TX,Terry County,79316,US,Terry,0.0,1
3625,2012,ENTERPRISE CRUDE PIPELINE LLC,28.949672,-95.431631,CRUDE OIL,0.25,0.0,0.25,NO,,NO,,NO,,LEAK,CRACK,28.949672,-95.431631,0.26,nearest_place,,,,,Jones Creek,TX,Brazoria County,77541,US,TIGER/Line® dataset from the US Census Bureau,0.0,1
3626,2012,ENTERPRISE PRODUCTS OPERATING LLC,29.859222,-94.561908,REFINED AND/OR PETROLEUM PRODUCT (NON-HVL) WHICH IS A LIQUID AT AMBIENT CONDITIONS,0.1,0.0,0.0,NO,,NO,,NO,CARBON STEEL,OTHER,,29.860133,-94.56283,0.99,rooftop,3701,Farm To Market Rd 1663,,,Hankamer,TX,Chambers County,77560,US,Chambers,0.1,1
3629,2012,"PLAINS PIPELINE, L.P.",31.7918,-103.13161,CRUDE OIL,15.0,0.0,15.0,NO,,NO,,YES,CARBON STEEL,LEAK,OTHER,31.7918,-103.13161,0.32,nearest_place,,,,,Kermit,TX,Winkler County,79745,US,TIGER/Line® dataset from the US Census Bureau,0.0,1
3634,2012,"OILTANKING, HOUSTON LP",29.747769,-95.129993,CRUDE OIL,0.0,0.0,0.0,YES,1.0,YES,1.0,NO,CARBON STEEL,OTHER,,29.750781,-95.129083,0.95,nearest_street,15706,San Jacinto Blvd,,,Houston,TX,Harris County,77015,US,TIGER/Line® dataset from the US Census Bureau,0.0,1
3635,2012,ENERGY TRANSFER COMPANY,31.68154,-102.07528,HVL OR OTHER FLAMMABLE OR TOXIC FLUID WHICH IS A GAS AT AMBIENT CONDITIONS,2880.0,0.0,0.0,NO,,NO,,YES,CARBON STEEL,LEAK,CONNECTION FAILURE,31.68154,-102.07528,0.04,nearest_place,,,,,Midland,TX,Midland County,79710,US,TIGER/Line® dataset from the US Census Bureau,2880.0,1
3636,2012,ENTERPRISE CRUDE PIPELINE LLC,33.795549,-98.651289,CRUDE OIL,239.0,0.0,220.0,NO,,NO,,YES,CARBON STEEL,LEAK,PINHOLE,33.790859,-98.654407,0.94,nearest_street,449,Welch Rd,,,Holliday,TX,Archer County,76366,US,TIGER/Line® dataset from the US Census Bureau,19.0,1
3640,2012,ENTERPRISE CRUDE PIPELINE LLC,31.43275,-102.438656,CRUDE OIL,2.5,0.0,0.0,NO,,NO,,YES,,LEAK,CRACK,31.432322,-102.438316,1.0,rooftop,3600,Navajo Rd,,,Crane,TX,Crane County,79731,US,Crane,2.5,1
3644,2012,"PLAINS PIPELINE, L.P.",31.790487,-103.132559,CRUDE OIL,1.5,0.0,1.5,NO,,NO,,YES,,LEAK,OTHER,31.790487,-103.132559,0.3,nearest_place,,,,,Kermit,TX,Winkler County,79745,US,TIGER/Line® dataset from the US Census Bureau,0.0,1
3646,2012,COLONIAL PIPELINE CO,29.71871,-95.17964,REFINED AND/OR PETROLEUM PRODUCT (NON-HVL) WHICH IS A LIQUID AT AMBIENT CONDITIONS,0.4,0.0,0.4,NO,,NO,,NO,,LEAK,SEAL OR PACKING,29.718772,-95.179564,1.0,rooftop,302,Jefferson,,,Pasadena,TX,Harris County,77506,US,City of Houston,0.0,1
3647,2012,SUNOCO PIPELINE L.P.,32.0729,-96.4767,CRUDE OIL,10.0,0.0,8.0,NO,,NO,,NO,CARBON STEEL,LEAK,PINHOLE,32.073114,-96.47824,0.99,rooftop,2375,Oak Valley Rd,,,Corsicana,TX,Navarro County,75110,US,Navarro,2.0,1
3652,2012,ENTERPRISE CRUDE PIPELINE LLC,28.949612,-95.430288,CRUDE OIL,0.1,0.0,0.1,NO,,NO,,NO,CARBON STEEL,OTHER,,28.949612,-95.430288,0.25,nearest_place,,,,,Jones Creek,TX,Brazoria County,77541,US,TIGER/Line® dataset from the US Census Bureau,0.0,1
3656,2012,SUNOCO PIPELINE L.P.,32.26812,-101.40486,CRUDE OIL,0.24,0.0,0.24,NO,,NO,,,,LEAK,SEAL OR PACKING,32.267497,-101.403995,0.99,nearest_street,,I 20,,,Big Spring,TX,Howard County,79720,US,TIGER/Line® dataset from the US Census Bureau,0.0,1
3658,2012,SUNOCO PIPELINE L.P.,34.32044,-100.24465,CRUDE OIL,20.0,0.0,0.0,NO,,NO,,YES,CARBON STEEL,LEAK,PINHOLE,34.32044,-100.24465,0.08,nearest_place,,,,,Childress,TX,Childress County,79201,US,TIGER/Line® dataset from the US Census Bureau,20.0,1
3663,2012,ONEOK NGL PIPELINE LP,32.40169,-97.593745,HVL OR OTHER FLAMMABLE OR TOXIC FLUID WHICH IS A GAS AT AMBIENT CONDITIONS,3.0,5.7,0.0,NO,,NO,,NO,MATERIAL OTHER THAN CARBON STEEL,LEAK,SEAL OR PACKING,32.400423,-97.592785,0.99,rooftop,11801,County Rd 1131,,,Godley,TX,Johnson County,76044,US,Johnson,8.7,1
3664,2012,ENTERPRISE PRODUCTS OPERATING LLC,29.419652,-95.308771,HVL OR OTHER FLAMMABLE OR TOXIC FLUID WHICH IS A GAS AT AMBIENT CONDITIONS,3.0,0.0,0.0,NO,,NO,,NO,,LEAK,OTHER,29.418615,-95.308675,0.99,rooftop,5625,County Rd 538,,,Alvin,TX,Brazoria County,77511,US,Brazoria,3.0,1
3669,2012,ENTERPRISE CRUDE PIPELINE LLC,29.145153,-95.67591,CRUDE OIL,3.0,0.0,3.0,NO,,NO,,,,LEAK,PINHOLE,29.145763,-95.676711,0.99,rooftop,34082,Farm To Market Rd 1301,,,West Columbia,TX,Brazoria County,77486,US,Brazoria,0.0,1
3674,2012,MOTIVA ENTERPRISE LLC,29.52107,-93.5745,REFINED AND/OR PETROLEUM PRODUCT (NON-HVL) WHICH IS A LIQUID AT AMBIENT CONDITIONS,0.16,0.0,0.16,NO,,NO,,YES,,LEAK,OTHER,29.52107,-93.5745,0.02,nearest_place,,,,,Sabine Pass,TX,,77655,US,TIGER/Line® dataset from the US Census Bureau,0.0,1
3677,2012,ENTERPRISE PRODUCTS OPERATING LLC,29.06023333,-95.35065556,HVL OR OTHER FLAMMABLE OR TOXIC FLUID WHICH IS A GAS AT AMBIENT CONDITIONS,3.0,0.0,0.0,NO,,NO,,YES,,LEAK,OTHER,29.059156,-95.351554,0.99,rooftop,7715,County Rd 226,,,Freeport,TX,Brazoria County,77541,US,Brazoria,3.0,1
3678,2012,EXXONMOBIL PIPELINE CO,27.83125,-97.51745,CRUDE OIL,0.38,0.0,0.38,NO,,NO,,NO,MATERIAL OTHER THAN CARBON STEEL,OVERFILL OR OVERFLOW,,27.830832,-97.51769,1.0,rooftop,2610,Suntide Rd,,,Corpus Christi,TX,Nueces County,78409,US,Nueces,0.0,1
3690,2012,SUNOCO PIPELINE L.P.,30.1408,-94.3989,CRUDE OIL,5.0,0.0,0.0,NO,,NO,,NO,CARBON STEEL,OVERFILL OR OVERFLOW,,30.140858,-94.40012,0.99,rooftop,190,N Cannon St,,,Sour Lake,TX,Hardin County,77659,US,Hardin,5.0,1
3692,2012,"KINDER MORGAN LIQUID TERMINALS, LLC",29.72536,-95.203354,REFINED AND/OR PETROLEUM PRODUCT (NON-HVL) WHICH IS A LIQUID AT AMBIENT CONDITIONS,0.48,0.0,0.48,NO,,NO,,YES,CARBON STEEL,LEAK,SEAL OR PACKING,29.725465,-95.203442,0.99,nearest_street,1277,N Witter St,,,Pasadena,TX,Harris County,77506,US,TIGER/Line® dataset from the US Census Bureau,0.0,1
3694,2012,KINDER MORGAN CO2 CO. LP,33.03138,-102.82777,CO2 (CARBON DIOXIDE),15.15,0.0,0.0,NO,,NO,,NO,CARBON STEEL,LEAK,SEAL OR PACKING,33.03138,-102.82777,0.22,nearest_place,,,,,Denver City,TX,Yoakum County,79323,US,TIGER/Line® dataset from the US Census Bureau,15.15,1
3696,2012,"PLAINS PIPELINE, L.P.",32.01426,-102.02737,CRUDE OIL,3.0,0.0,3.0,NO,,NO,,YES,,LEAK,PINHOLE,32.012634,-102.025322,0.96,nearest_street,3499,Industrial Ave,,,Midland,TX,Midland County,79706,US,TIGER/Line® dataset from the US Census Bureau,0.0,1
3697,2012,COLONIAL PIPELINE CO,29.974993,-94.05586,REFINED AND/OR PETROLEUM PRODUCT (NON-HVL) WHICH IS A LIQUID AT AMBIENT CONDITIONS,2.5,0.0,2.5,NO,,NO,,NO,MATERIAL OTHER THAN CARBON STEEL,LEAK,SEAL OR PACKING,29.974613,-94.054941,0.99,rooftop,14713,W Port Arthur Rd,,,Beaumont,TX,Jefferson County,77705,US,Jefferson,0.0,1
3699,2012,KINDER MORGAN CO2 CO. LP,33.03138,-102.82027,CO2 (CARBON DIOXIDE),3.88,0.0,0.0,NO,,NO,,NO,,LEAK,SEAL OR PACKING,33.031584,-102.81921,0.99,rooftop,2436,State Highway 214,,,Plains,TX,Yoakum County,79355,US,Statewide Partial,3.88,1
3700,2012,SUNOCO PIPELINE L.P.,30.8568,-96.45806,CRUDE OIL,4.5,0.0,4.5,NO,,NO,,NO,,LEAK,SEAL OR PACKING,30.8568,-96.45806,0.06,nearest_place,,,,,Hearne,TX,Robertson County,77859,US,TIGER/Line® dataset from the US Census Bureau,0.0,1
3703,2012,ENTERPRISE CRUDE PIPELINE LLC,33.795549,-98.651289,CRUDE OIL,75.0,0.0,60.0,NO,,NO,,YES,CARBON STEEL,LEAK,PINHOLE,33.790859,-98.654407,0.94,nearest_street,449,Welch Rd,,,Holliday,TX,Archer County,76366,US,TIGER/Line® dataset from the US Census Bureau,15.0,1
3704,2012,ENTERPRISE PRODUCTS OPERATING LLC,31.821442,-94.469056,HVL OR OTHER FLAMMABLE OR TOXIC FLUID WHICH IS A GAS AT AMBIENT CONDITIONS,100.0,0.0,0.0,NO,,NO,,YES,CARBON STEEL,LEAK,PINHOLE,31.820441,-94.467841,0.97,nearest_street,686,Mutt Crawford Rd,,,Garrison,TX,Nacogdoches County,75946,US,TIGER/Line® dataset from the US Census Bureau,100.0,1
3708,2012,WEST TEXAS GULF PIPELINE CO,31.77654,-96.3958,CRUDE OIL,0.48,0.0,0.0,NO,,NO,,NO,,LEAK,CONNECTION FAILURE,31.77654,-96.3958,0.91,nearest_place,,,,,Wortham,TX,Freestone County,76693,US,TIGER/Line® dataset from the US Census Bureau,0.48,1
3715,2012,CONOCOPHILLIPS,33.007092,-102.97538,CRUDE OIL,0.48,0.0,0.48,NO,,NO,,NO,,OTHER,,33.007946,-102.974651,0.99,rooftop,590,County Rd 340,,,Denver City,TX,Yoakum County,79323,US,Yoakum,0.0,1
3716,2012,ENTERPRISE PRODUCTS OPERATING LLC,29.911676,-94.007095,REFINED AND/OR PETROLEUM PRODUCT (NON-HVL) WHICH IS A LIQUID AT AMBIENT CONDITIONS,3.0,0.0,1.0,NO,,NO,,NO,MATERIAL OTHER THAN CARBON STEEL,LEAK,OTHER,29.915743,-94.012022,0.94,nearest_street,500,Dorsey St,,,Port Arthur,TX,Jefferson County,77640,US,TIGER/Line® dataset from the US Census Bureau,2.0,1
3718,2012,"KINDER MORGAN LIQUID TERMINALS, LLC",29.73093,-95.20397,REFINED AND/OR PETROLEUM PRODUCT (NON-HVL) WHICH IS A LIQUID AT AMBIENT CONDITIONS,1.0,0.0,1.0,NO,,NO,,NO,CARBON STEEL,LEAK,SEAL OR PACKING,29.730951,-95.204089,1.0,rooftop,530,Witter St,,,Pasadena,TX,Harris County,77506,US,Greater Houston,0.0,1
3723,2012,"MAGELLAN PIPELINE COMPANY, LP",29.72941,-95.22026,REFINED AND/OR PETROLEUM PRODUCT (NON-HVL) WHICH IS A LIQUID AT AMBIENT CONDITIONS,0.12,0.0,0.12,NO,,NO,,,,LEAK,OTHER,29.729836,-95.219704,1.0,rooftop,560,Clinton Dr,,,Houston,TX,Harris County,77015,US,City of Houston,0.0,1
3727,2012,ENTERPRISE CRUDE PIPELINE LLC,29.759006,-96.147803,CRUDE OIL,1.0,0.0,0.0,NO,,NO,,,,LEAK,PINHOLE,29.759069,-96.14843,1.0,rooftop,2401,Highway 36 S,,,Sealy,TX,Austin County,77474,US,Austin,1.0,1
3728,2012,"PLAINS MARKETING, L.P.",32.01435,-102.01776,CRUDE OIL,3.0,0.0,3.0,NO,,NO,,YES,,LEAK,OTHER,32.013524,-102.016534,0.99,rooftop,1206,S County Rd 1150,,,Midland,TX,Midland County,79706,US,Midland,0.0,1
3729,2012,SUNOCO PIPELINE L.P.,29.787,-94.4015,CRUDE OIL,0.5,0.0,0.0,NO,,NO,,YES,,LEAK,PINHOLE,29.786026,-94.400478,0.99,rooftop,1738,Hamilton Rd,,,Winnie,TX,Chambers County,77665,US,Chambers,0.5,1
3730,2012,ENTERPRISE CRUDE PIPELINE LLC,33.864289,-97.954067,CRUDE OIL,1.5,0.0,0.0,NO,,NO,,,,OTHER,,33.863133,-97.954026,0.99,rooftop,892,Pump Station Rd,,,Ringgold,TX,Montague County,76261,US,Montague,1.5,1
3733,2012,CENTURION PIPELINE L.P.,32.3288,-102.8112,CRUDE OIL,128.0,0.0,100.0,NO,,NO,,NO,CARBON STEEL,LEAK,OTHER,32.334471,-102.800082,0.91,nearest_street,498,SW 7001,,,Andrews,TX,Andrews County,79714,US,TIGER/Line® dataset from the US Census Bureau,28.0,1
3734,2012,SUNOCO PIPELINE L.P.,30.0889,-94.6502,CRUDE OIL,0.12,0.0,0.0,NO,,NO,,YES,,LEAK,PINHOLE,30.0887,-94.65065,1.0,rooftop,3428,Farm To Market Rd 770 N,,,Hull,TX,Liberty County,77564,US,Liberty,0.12,1
3736,2012,WEST TEXAS GULF PIPELINE CO,32.53242,-100.82925,CRUDE OIL,2.0,0.0,0.0,NO,,NO,,NO,,OTHER,,32.531673,-100.830696,0.99,rooftop,3250,County Rd 4156,,,Hermleigh,TX,Scurry County,79526,US,Scurry,2.0,1
3737,2012,HARVEST PIPELINE COMPANY,27.8215,-97.395,CRUDE OIL,1300.0,0.0,1250.0,NO,,NO,,YES,CARBON STEEL,OVERFILL OR OVERFLOW,,27.821218,-97.394802,1.0,rooftop,3109,W Causeway Blvd,,,Corpus Christi,TX,Nueces County,78402,US,Nueces,50.0,1
3745,2012,WEST TEXAS GULF PIPELINE CO,32.1532,-97.3751,CRUDE OIL,2.0,0.0,1.5,NO,,NO,,NO,MATERIAL OTHER THAN CARBON STEEL,OVERFILL OR OVERFLOW,,32.154343,-97.375689,0.99,rooftop,466,County Rd 1137,,,Blum,TX,Hill County,76627,US,Hill,0.5,1
3748,2012,"KINDER MORGAN LIQUID TERMINALS, LLC",29.73093,-95.20397,REFINED AND/OR PETROLEUM PRODUCT (NON-HVL) WHICH IS A LIQUID AT AMBIENT CONDITIONS,1.0,0.0,1.0,NO,,NO,,YES,CARBON STEEL,LEAK,CONNECTION FAILURE,29.730951,-95.204089,1.0,rooftop,530,Witter St,,,Pasadena,TX,Harris County,77506,US,Greater Houston,0.0,1
3752,2012,EXPLORER PIPELINE CO,30.26630836,-95.35229159,REFINED AND/OR PETROLEUM PRODUCT (NON-HVL) WHICH IS A LIQUID AT AMBIENT CONDITIONS,14.0,0.0,14.0,NO,,NO,,YES,MATERIAL OTHER THAN CARBON STEEL,OTHER,,30.266356,-95.351927,1.0,rooftop,14531,Old Texaco Rd,,,Conroe,TX,Montgomery County,77302,US,Montgomery,0.0,1
3755,2012,"KOCH PIPELINE COMPANY, L.P.",27.83146,-97.51851,CRUDE OIL,1.2,0.0,1.1,NO,,NO,,NO,,LEAK,SEAL OR PACKING,27.831222,-97.518688,1.0,rooftop,2602,Suntide Rd,,,Corpus Christi,TX,Nueces County,78409,US,Nueces,0.09999999999999987,1
3760,2012,SUNOCO PIPELINE L.P.,32.51846,-94.84417,CRUDE OIL,0.35,0.0,0.0,NO,,NO,,NO,,LEAK,CONNECTION FAILURE,32.51961,-94.844273,0.99,rooftop,906,S Person Rd,,,White Oak,TX,Gregg County,75693,US,Gregg,0.35,1
3765,2012,COLONIAL PIPELINE CO,29.97501,-94.05586,REFINED AND/OR PETROLEUM PRODUCT (NON-HVL) WHICH IS A LIQUID AT AMBIENT CONDITIONS,0.33,0.0,0.33,NO,,NO,,NO,,LEAK,CONNECTION FAILURE,29.974613,-94.054941,0.99,rooftop,14713,W Port Arthur Rd,,,Beaumont,TX,Jefferson County,77705,US,Jefferson,0.0,1
3766,2012,KINDER MORGAN WINK PIPELINE LP,31.47285,-102.89311,CRUDE OIL,26.0,0.0,20.0,NO,,NO,,YES,CARBON STEEL,LEAK,CRACK,31.475356,-102.882824,0.92,nearest_street,8999,State Hwy 18,,,Monahans,TX,Ward County,79756,US,TIGER/Line® dataset from the US Census Bureau,6.0,1
3767,2012,EXXONMOBIL PIPELINE CO,29.84722,-94.90222,HVL OR OTHER FLAMMABLE OR TOXIC FLUID WHICH IS A GAS AT AMBIENT CONDITIONS,0.16,0.0,0.0,NO,,NO,,NO,,LEAK,SEAL OR PACKING,29.847099,-94.902375,1.0,rooftop,410,W Winfree Ave,,,Mont Belvieu,TX,Chambers County,77523,US,Chambers,0.16,1
3768,2012,WEST TEXAS GULF PIPELINE CO,31.15279,-97.37467,CRUDE OIL,70.0,0.0,70.0,NO,,NO,,NO,MATERIAL OTHER THAN CARBON STEEL,LEAK,SEAL OR PACKING,31.152561,-97.374948,1.0,rooftop,4509,Old Howard Rd,,,Temple,TX,Bell County,76504,US,Bell,0.0,1
3781,2012,"KINDER MORGAN LIQUID TERMINALS, LLC",29.72536,-95.20334,REFINED AND/OR PETROLEUM PRODUCT (NON-HVL) WHICH IS A LIQUID AT AMBIENT CONDITIONS,2.0,0.0,2.0,NO,,NO,,YES,CARBON STEEL,LEAK,SEAL OR PACKING,29.725465,-95.203442,0.99,nearest_street,1277,N Witter St,,,Pasadena,TX,Harris County,77506,US,TIGER/Line® dataset from the US Census Bureau,0.0,1
3790,2012,SUNOCO PIPELINE L.P.,30.0889,-94.6507,CRUDE OIL,2.0,0.0,0.0,NO,,NO,,NO,CARBON STEEL,LEAK,PINHOLE,30.0887,-94.65065,1.0,rooftop,3428,Farm To Market Rd 770 N,,,Hull,TX,Liberty County,77564,US,Liberty,2.0,1
3793,2012,SUNOCO PIPELINE L.P.,31.9587,-100.54374,CRUDE OIL,117.0,0.0,0.0,NO,,NO,,YES,CARBON STEEL,LEAK,PINHOLE,31.953305,-100.543257,0.94,nearest_street,558,Friendship Rd,,,Robert Lee,TX,Coke County,76945,US,TIGER/Line® dataset from the US Census Bureau,117.0,1
