2017,"ADAIRSVILLE, CITY OF",GA,34.37586,-84.94043,,0,
2011,ALABAMA GAS CORPORATION,AL,33.37117,-86.66799,NATURAL GAS,6,
2013,ALABAMA GAS CORPORATION,AL,33.54152,-86.72377,NATURAL GAS,147.2,
2015,ALABAMA GAS CORPORATION,AL,33.18951,-87.55012,NATURAL GAS,25.91,
2019,ALLIANT ENERGY - INTERSTATE POWER AND LIGHT COMPANY,IA,40.817461,-91.160774,NATURAL GAS,37,
2010,ALLIANT ENERGY - INTERSTATE POWER AND LIGHT COMPANY,IA,40.723422,-92.872749,NATURAL GAS,50,
2020,ALLIANT ENERGY - WISCONSIN POWER & LIGHT CO,WI,42.5555,-89.011268,NATURAL GAS,291,
2016,ALLIANT GAS,AZ,34.246887,-111.321156,PROPANE GAS,32.2,
2019,AMEREN ILLINOIS COMPANY,IL,39.856809,-88.92265,NATURAL GAS,0,
2019,AMEREN ILLINOIS COMPANY,IL,38.41920853,-88.99169922,NATURAL GAS,7040,
2011,AMEREN ILLINOIS COMPANY,IL,40.719386,-89.329475,NATURAL GAS,8,
2016,AMEREN ILLINOIS COMPANY,IL,39.284661,-89.883213,NATURAL GAS,5.4,
2016,AMEREN ILLINOIS COMPANY,IL,40.556604,-90.033663,NATURAL GAS,33.29,
2010,AMEREN ILLINOIS COMPANY,IL,39.7479,-90.24753,NATURAL GAS,3,
2010,AMERENIP,IL,39.156051,-89.475194,NATURAL GAS,1833,
2010,AMERENIP,IL,41.23509,-89.93011,NATURAL GAS,0,
2015,AMERENUE,MO,39.43055556,-91.07305556,NATURAL GAS,11.83,
2013,AMERIGAS PROPANE LP,AZ,36.713365,-110.246344,PROPANE GAS,2.27,
2013,AMERIGAS PROPANE LP,CA,37.66074,-118.88844,PROPANE GAS,10.9,
2018,AMERIGAS PROPANE LP,CA,38.48131,-120.84966,PROPANE GAS,387,
2019,ARKANSAS OKLAHOMA GAS CORP,AR,35.355617,-94.208762,NATURAL GAS,3836,0
2020,ARKANSAS OKLAHOMA GAS CORP,AR,35.3235023,-94.3421119,NATURAL GAS,3282,
2011,ARKANSAS WESTERN GAS CO,AR,36.17176,-94.18351,NATURAL GAS,10,
2010,"ASHBURN GAS DEPT, CITY OF",GA,31.7094593,-83.652757,OTHER GAS,,
2020,ATLANTA GAS LIGHT CO,GA,32.035638,-81.072418,NATURAL GAS,1.75,
2018,ATLANTA GAS LIGHT CO,GA,32.07746361,-81.080208,NATURAL GAS,175.8,
2018,ATLANTA GAS LIGHT CO,GA,33.42206,-82.028664,NATURAL GAS,15.39,
2019,ATLANTA GAS LIGHT CO,GA,33.414436,-82.039988,,150,
2010,ATLANTA GAS LIGHT CO,GA,33.487142,-82.072715,NATURAL GAS,13082,
2013,ATLANTA GAS LIGHT CO,GA,33.832421,-82.138102,NATURAL GAS,204,
2013,ATLANTA GAS LIGHT CO,GA,31.389349,-82.138102,NATURAL GAS,6756.7,
2013,ATLANTA GAS LIGHT CO,GA,32.190917,-82.623689,NATURAL GAS,26075.7,
2018,ATLANTA GAS LIGHT CO,GA,31.036907,-82.74689,NATURAL GAS,31.8,
2016,ATLANTA GAS LIGHT CO,GA,34.107492,-83.878376,NATURAL GAS,7300,
2017,ATLANTA GAS LIGHT CO,GA,33.466092,-84.048312,NATURAL GAS,60428.16,
2021,ATLANTA GAS LIGHT CO,GA,33.866843,-84.18238,NATURAL GAS,9.5,0
2017,ATLANTA GAS LIGHT CO,GA,34.297784,-84.240202,NATURAL GAS,6561.7,
2018,ATLANTA GAS LIGHT CO,GA,34.022936,-84.2617,NATURAL GAS,1926.8,
2017,ATLANTA GAS LIGHT CO,GA,33.576644,-84.270017,NATURAL GAS,423.25,
2020,ATLANTA GAS LIGHT CO,GA,33.919659,-84.291118,NATURAL GAS,269,0
2018,ATLANTA GAS LIGHT CO,GA,33.795252,-84.294737,NATURAL GAS,1825,
2020,ATLANTA GAS LIGHT CO,GA,33.747189,-84.306022,NATURAL GAS,2779,
2015,ATLANTA GAS LIGHT CO,GA,33.533912,-84.308789,NATURAL GAS,206,
2016,ATLANTA GAS LIGHT CO,GA,33.811634,-84.312419,NATURAL GAS,560.04,
2010,ATLANTA GAS LIGHT CO,GA,34.11529,-84.33882,NATURAL GAS,210,
2010,ATLANTA GAS LIGHT CO,GA,33.783125,-84.342363,NATURAL GAS,665.52,
2016,ATLANTA GAS LIGHT CO,GA,33.812904,-84.354262,NATURAL GAS,554.7,
2016,ATLANTA GAS LIGHT CO,GA,33.76217014,-84.41702914,NATURAL GAS,608.42,
2011,ATLANTA GAS LIGHT CO,GA,33.673618,-84.460849,NATURAL GAS,25.3,
2019,ATLANTA GAS LIGHT CO,GA,33.921168,-84.464255,NATURAL GAS,112,
2020,ATLANTA GAS LIGHT CO,GA,33.754582,-84.481799,NATURAL GAS,162.2,
2020,ATLANTA GAS LIGHT CO,GA,34.109949,-84.52452,NATURAL GAS,796,
2019,ATLANTA GAS LIGHT CO,GA,33.680462,-84.530696,NATURAL GAS,7463,
2011,ATLANTA GAS LIGHT CO,GA,33.755744,-84.729459,NATURAL GAS,80,
2015,ATLANTA GAS LIGHT CO,GA,33.757011,-84.734502,NATURAL GAS,30,
2020,ATLANTA GAS LIGHT CO,GA,34.131038,-84.758134,NATURAL GAS,166,
2017,ATLANTA GAS LIGHT CO,GA,34.501136,-84.869833,NATURAL GAS,374.7,
2010,ATLANTA GAS LIGHT CO,GA,34.49312,-84.91118,NATURAL GAS,23,
2017,ATLANTA GAS LIGHT CO,GA,34.241614,-85.266947,NATURAL GAS,323.51,
2013,ATMOS ENERGY CORPORATION - COLORADO/KANSAS,KS,38.85453,-94.70529,NATURAL GAS,1425,
2018,ATMOS ENERGY CORPORATION - COLORADO/KANSAS,KS,39.058136,-94.909503,NATURAL GAS,75,
2010,ATMOS ENERGY CORPORATION - COLORADO/KANSAS,KS,39.34519444,-95.10539167,NATURAL GAS,290,
2016,ATMOS ENERGY CORPORATION - COLORADO/KANSAS,KS,37.85146,-101.8998325,NATURAL GAS,45420,
2016,ATMOS ENERGY CORPORATION - COLORADO/KANSAS,CO,40.48225405,-106.8241032,NATURAL GAS,30,
2012,ATMOS ENERGY CORPORATION - KY/MID-STATES (KENTUCKY),KY,37.333513,-85.333451,NATURAL GAS,0.15,
2019,ATMOS ENERGY CORPORATION - KY/MID-STATES (KENTUCKY),KY,37.127205,-88.757613,NATURAL GAS,3.8,
2019,ATMOS ENERGY CORPORATION - KY/MID-STATES (MID-STATES),TN,36.59283,-82.18895,NATURAL GAS,0,
2011,ATMOS ENERGY CORPORATION - KY/MID-STATES (MID-STATES),TN,36.12345,-83.16789,NATURAL GAS,10,
2016,ATMOS ENERGY CORPORATION - KY/MID-STATES (MID-STATES),TN,35.94208,-86.65972,NATURAL GAS,68,
2014,ATMOS ENERGY CORPORATION - LOUISIANA,LA,30.459133,-90.123614,NATURAL GAS,,
2018,ATMOS ENERGY CORPORATION - LOUISIANA,LA,29.90064,-90.3881,NATURAL GAS,9.7,
2016,ATMOS ENERGY CORPORATION - MID-TEX,TX,32.07963,-96.47521,NATURAL GAS,0,
2018,ATMOS ENERGY CORPORATION - MID-TEX,TX,32.70225,-96.55512,NATURAL GAS,10,
2020,ATMOS ENERGY CORPORATION - MID-TEX,TX,32.94559754,-96.62117925,NATURAL GAS,435,
2015,ATMOS ENERGY CORPORATION - MID-TEX,TX,32.73761,-96.65918,NATURAL GAS,47,
2020,ATMOS ENERGY CORPORATION - MID-TEX,TX,33.00731805,-96.68221731,NATURAL GAS,884.3,0
2014,ATMOS ENERGY CORPORATION - MID-TEX,TX,32.727443,-96.683248,NATURAL GAS,17.7,
2018,ATMOS ENERGY CORPORATION - MID-TEX,TX,30.52648,-96.71029,NATURAL GAS,70,
2015,ATMOS ENERGY CORPORATION - MID-TEX,TX,32.34912,-96.78448,NATURAL GAS,1595,
2017,ATMOS ENERGY CORPORATION - MID-TEX,TX,32.78189,-96.79212,NATURAL GAS,105,
2020,ATMOS ENERGY CORPORATION - MID-TEX,TX,33.04269314,-96.80544499,NATURAL GAS,927.3,
2020,ATMOS ENERGY CORPORATION - MID-TEX,TX,32.84759,-96.80673,NATURAL GAS,207,0
2017,ATMOS ENERGY CORPORATION - MID-TEX,TX,32.76861,-96.81201,NATURAL GAS,1828,
2020,ATMOS ENERGY CORPORATION - MID-TEX,TX,32.73449576,-96.82257394,NATURAL GAS,2163,
2017,ATMOS ENERGY CORPORATION - MID-TEX,TX,32.7914,-96.8285,,1,
2019,ATMOS ENERGY CORPORATION - MID-TEX,TX,32.813889,-96.846389,NATURAL GAS,1651,
2018,ATMOS ENERGY CORPORATION - MID-TEX,TX,32.868106,-96.859732,NATURAL GAS,1.14,0.04
2018,ATMOS ENERGY CORPORATION - MID-TEX,TX,32.87923,-96.94119,NATURAL GAS,36.5,
2018,ATMOS ENERGY CORPORATION - MID-TEX,TX,32.8511,-96.9504,NATURAL GAS,465,
2019,ATMOS ENERGY CORPORATION - MID-TEX,TX,32.82939889,-96.95211393,NATURAL GAS,556.1,
2019,ATMOS ENERGY CORPORATION - MID-TEX,TX,32.80855,-96.96016,NATURAL GAS,555,
2013,ATMOS ENERGY CORPORATION - MID-TEX,TX,33.0463,-96.98908,NATURAL GAS,515,
2010,ATMOS ENERGY CORPORATION - MID-TEX,TX,32.8541,-96.99403,NATURAL GAS,,
2013,ATMOS ENERGY CORPORATION - MID-TEX,TX,32.45059,-97.00451,NATURAL GAS,2.19,
2020,ATMOS ENERGY CORPORATION - MID-TEX,TX,33.05693,-97.01127,NATURAL GAS,15.3,
2018,ATMOS ENERGY CORPORATION - MID-TEX,TX,32.82089613,-97.02651041,NATURAL GAS,416.06,
2017,ATMOS ENERGY CORPORATION - MID-TEX,TX,32.902032,-97.041499,NATURAL GAS,2082,
2015,ATMOS ENERGY CORPORATION - MID-TEX,TX,32.29973,-97.04576,NATURAL GAS,2100,
2020,ATMOS ENERGY CORPORATION - MID-TEX,TX,32.69147696,-97.06108939,NATURAL GAS,3140.5,0
2018,ATMOS ENERGY CORPORATION - MID-TEX,TX,32.73395668,-97.09631264,NATURAL GAS,46,
2018,ATMOS ENERGY CORPORATION - MID-TEX,TX,32.74607,-97.09763,NATURAL GAS,200,
2010,ATMOS ENERGY CORPORATION - MID-TEX,TX,31.67165,-97.10032,NATURAL GAS,1363,
2013,ATMOS ENERGY CORPORATION - MID-TEX,TX,33.61885,-97.14789,NATURAL GAS,31,
2018,ATMOS ENERGY CORPORATION - MID-TEX,TX,32.8157,-97.17772,NATURAL GAS,47.9,
2013,ATMOS ENERGY CORPORATION - MID-TEX,TX,32.842312,-97.209967,NATURAL GAS,33,
2019,ATMOS ENERGY CORPORATION - MID-TEX,TX,32.7319078,-97.2451167,NATURAL GAS,467,
2016,ATMOS ENERGY CORPORATION - MID-TEX,TX,32.96057,-97.24778,NATURAL GAS,20000,
2017,ATMOS ENERGY CORPORATION - MID-TEX,TX,32.75828,-97.32871,NATURAL GAS,5408,
2020,ATMOS ENERGY CORPORATION - MID-TEX,TX,32.73388311,-97.35241204,NATURAL GAS,38308,
2020,ATMOS ENERGY CORPORATION - MID-TEX,TX,32.57850952,-97.35308635,NATURAL GAS,66.6,
2011,ATMOS ENERGY CORPORATION - MID-TEX,TX,32.80772,-97.44253,NATURAL GAS,98,
2019,ATMOS ENERGY CORPORATION - MID-TEX,TX,30.660434,-97.69123,NATURAL GAS,106.6,
2016,ATMOS ENERGY CORPORATION - MID-TEX,TX,30.68552,-97.71607,NATURAL GAS,1578,
2020,ATMOS ENERGY CORPORATION - MID-TEX,TX,31.12097,-97.8713,NATURAL GAS,51,
2010,ATMOS ENERGY CORPORATION - MID-TEX,TX,33.893734,-98.529339,NATURAL GAS,,
2019,ATMOS ENERGY CORPORATION - MID-TEX,TX,33.498349,-99.687506,NATURAL GAS,5160,
2014,ATMOS ENERGY CORPORATION - MISSISSIPPI,MS,33.05555,-89.6013,NATURAL GAS,2,
2019,ATMOS ENERGY CORPORATION - MISSISSIPPI,MS,32.33212,-90.26573,NATURAL GAS,1479,
2014,ATMOS ENERGY CORPORATION - MISSISSIPPI,MS,32.34174,-90.27477,NATURAL GAS,3,
2018,ATMOS ENERGY CORPORATION - WEST TEXAS,TX,35.236628,-101.724335,NATURAL GAS,1059,
2010,ATMOS ENERGY CORPORATION - WEST TEXAS,TX,35.23153,-101.81651,NATURAL GAS,6,
2014,ATMOS ENERGY CORPORATION - WEST TEXAS,TX,35.2065,-102.07238,NATURAL GAS,2699,
2015,ATMOS ENERGY CORPORATION - WEST TEXAS,TX,31.982191,-102.1121304,NATURAL GAS,557,
2018,ATMOS ENERGY CORPORATION - WEST TEXAS,TX,31.88333,-102.30167,NATURAL GAS,42,
2018,ATMOS ENERGY CORPORATION - WEST TEXAS,TX,34.828607,-102.370766,NATURAL GAS,3708,
2015,AVISTA CORP,ID,48.271908,-116.556563,NATURAL GAS,0.1,
2010,AVISTA CORP,ID,47.68005653,-116.8069518,NATURAL GAS,4.49,
2012,AVISTA CORP,ID,46.42374,-117.02699,NATURAL GAS,411,
2013,AVISTA CORP,WA,47.68826996,-117.3931186,NATURAL GAS,39.22,
2011,AVISTA CORP,WA,47.33258,-118.685117,NATURAL GAS,,
2010,AVISTA CORP,OR,42.18004,-122.66162,NATURAL GAS,114,
2020,AVISTA CORP,OR,42.221879,-122.817256,NATURAL GAS,16.67,
2014,BALTIMORE GAS & ELECTRIC CO,MD,39.296749,-76.579084,,1,
2011,BALTIMORE GAS & ELECTRIC CO,MD,39.2701769,-76.59675143,NATURAL GAS,512,
2012,BALTIMORE GAS & ELECTRIC CO,MD,39.281787,-76.657506,NATURAL GAS,0,
2012,BALTIMORE GAS & ELECTRIC CO,MD,39.038275,-76.6732055,NATURAL GAS,2053.43,
2011,BALTIMORE GAS & ELECTRIC CO,MD,39.35888934,-76.67928892,NATURAL GAS,3.4,
2012,BALTIMORE GAS & ELECTRIC CO,MD,39.391726,-76.738363,NATURAL GAS,,
2011,BALTIMORE GAS & ELECTRIC CO,MD,39.1969739,-76.73837859,NATURAL GAS,1.2,
2011,BALTIMORE GAS & ELECTRIC CO,MD,39.10195372,-76.81643218,NATURAL GAS,18.6,
2011,BALTIMORE GAS & ELECTRIC CO,MD,39.28364474,-76.87815903,NATURAL GAS,1.1,
2015,BALTIMORE GAS & ELECTRIC CO,MD,39.20951,-76.89771,NATURAL GAS,70,
2011,BALTIMORE GAS & ELECTRIC CO,MD,39.36596,-77.17566,NATURAL GAS,440,
2018,BALTIMORE GAS AND ELECTRIC COMPANY,MD,39.272676,-76.608326,NATURAL GAS,0.01,
2021,BALTIMORE GAS AND ELECTRIC COMPANY,MD,39.4005646,-76.7124795,NATURAL GAS,1464,0
2019,BALTIMORE GAS AND ELECTRIC COMPANY,MD,39.191001,-76.818052,NATURAL GAS,360,0
2018,BALTIMORE GAS AND ELECTRIC COMPANY,MD,39.097184,-76.81826,NATURAL GAS,2.36,0
2015,BAY CITY MUNICIPAL GAS SYSTEM,TX,28.97743,-95.98214,NATURAL GAS,0.1,
2011,BAY STATE GAS CO,MA,42.6,-72.38,NATURAL GAS,0,
2020,BLACK HILLS ENERGY,IA,42.5046454,-90.6738271,NATURAL GAS,300,0
2021,BLACK HILLS ENERGY,IA,42.4845752,-91.4585804,NATURAL GAS,1,0
2021,BLACK HILLS ENERGY,AR,35.927711,-94.185636,NATURAL GAS,56.71,0
2016,BLACK HILLS ENERGY,AR,36.0387,-94.2553,NATURAL GAS,2684,
2020,BLACK HILLS ENERGY,KS,38.95707,-95.2521699,NATURAL GAS,750,
2015,BLACK HILLS ENERGY,NE,40.744034,-96.648896,NATURAL GAS,16,
2020,BLACK HILLS ENERGY,NE,40.813258,-96.671531,NATURAL GAS,2,0
2021,BLACK HILLS ENERGY,NE,40.8473585,-96.6822531,NATURAL GAS,4033.49,0
2013,BLACK HILLS ENERGY,NE,42.2425631,-96.9837372,NATURAL GAS,0,
2014,BLACK HILLS ENERGY,NE,40.77201,-97.052311,NATURAL GAS,25,
2018,BLACK HILLS ENERGY,NE,41.4228291,-97.3417571,NATURAL GAS,6,
2013,BLACK HILLS ENERGY,NE,42.01983,-97.42717,NATURAL GAS,2,
2020,BLACK HILLS ENERGY,NE,40.864375,-97.616653,NATURAL GAS,2,
2010,BLACK HILLS ENERGY,KS,37.79,-97.629,NATURAL GAS,4,
2013,BLACK HILLS ENERGY,NE,40.85807,-97.997968,NATURAL GAS,192,
2012,BLACK HILLS ENERGY,KS,37.481657,-100.842365,NATURAL GAS,,
2019,BLACK HILLS ENERGY,CO,40.146025,-104.974903,NATURAL GAS,9762,0
2017,BLACK HILLS ENERGY,CO,40.057931,-105.031261,NATURAL GAS,3390,
2020,BLACK HILLS ENERGY,CO,39.192124,-106.826324,NATURAL GAS,10.52,
2020,BLACK HILLS ENERGY,CO,39.6166369,-106.9500181,NATURAL GAS,336.76,0
2017,BLACK HILLS ENERGY,CO,37.2831,-107.1009,NATURAL GAS,1,
2021,BOSTON GAS CO,MA,41.59512,-70.60605,NATURAL GAS,3.613,0
2016,BOSTON GAS CO,MA,42.808176,-70.889677,NATURAL GAS,3824,
2012,BOSTON GAS CO,MA,42.3832652,-70.9914725,NATURAL GAS,60,
2016,BOSTON GAS CO,MA,42.4275728,-71.0235477,NATURAL GAS,4672,
2010,BOSTON GAS CO,MA,42.5267815,-71.0940244,NATURAL GAS,,
2017,BOSTON GAS CO,MA,42.2893068,-71.117988,NATURAL GAS,31963,
2010,BOSTON GAS CO,MA,42.3688146,-71.2392235,NATURAL GAS,,
2013,BOSTON GAS CO,MA,42.51515,-71.241569,NATURAL GAS,221,
2012,BOSTON GAS CO,MA,42.533976,-71.501589,NATURAL GAS,37,
2010,"CAIRO GAS SYSTEMS, CITY OF",GA,30.52762,-84.12823,NATURAL GAS,25000,
2011,CANTON MUNICIPAL UTILITY,MS,32.618367,-90.040897,NATURAL GAS,,
2015,"CARTERSVILLE GAS DEPT, CITY OF",GA,34.176842,-84.795813,,1.6,
2019,CASCADE NATURAL GAS CORP,WA,47.13890119,-119.2785201,NATURAL GAS,79,
2017,CASCADE NATURAL GAS CORP,WA,47.405795,-120.332825,NATURAL GAS,3875,
2014,CASCADE NATURAL GAS CORP,WA,46.4335,-120.414,NATURAL GAS,4823.75,
2017,CASCADE NATURAL GAS CORP,WA,46.6016247,-120.5304217,NATURAL GAS,239.6,
2019,CASCADE NATURAL GAS CORP,WA,48.4227516,-122.3292046,NATURAL GAS,92,
2017,CASCADE NATURAL GAS CORP,WA,48.492939,-122.333826,NATURAL GAS,6500,
2015,CASCADE NATURAL GAS CORP,WA,47.34156,-122.39379,NATURAL GAS,53,
2019,CASCADE NATURAL GAS CORP,WA,48.94293791,-122.4406627,NATURAL GAS,12,
2011,CASCADE NATURAL GAS CORP,WA,47.518956,-122.625644,NATURAL GAS,49.2,
2014,CASCADE NATURAL GAS CORP,WA,47.562271,-122.66911,NATURAL GAS,138,
2019,CENTERPOINT ENERGY RESOURCES CORP.,AR,35.770212,-91.62532,NATURAL GAS,95,
2021,CENTERPOINT ENERGY RESOURCES CORP.,AR,34.84964,-92.11634,NATURAL GAS,876,0
2014,CENTERPOINT ENERGY RESOURCES CORP.,AR,34.76994416,-92.26350222,NATURAL GAS,1,
2016,CENTERPOINT ENERGY RESOURCES CORP.,AR,34.803601,-92.368787,NATURAL GAS,1000,
2015,CENTERPOINT ENERGY RESOURCES CORP.,AR,34.803601,-92.368787,NATURAL GAS,10,
2020,CENTERPOINT ENERGY RESOURCES CORP.,AR,34.866436,-92.405425,NATURAL GAS,1177,
2021,CENTERPOINT ENERGY RESOURCES CORP.,AR,34.730237,-92.418769,NATURAL GAS,66,0
2016,CENTERPOINT ENERGY RESOURCES CORP.,LA,32.488265,-93.749549,NATURAL GAS,0.27,
2016,CENTERPOINT ENERGY RESOURCES CORP.,AR,34.12523,-94.11923,NATURAL GAS,134,
2017,"CENTERPOINT ENERGY RESOURCES CORP., DBA CENTERPOINT ENERGY MINNESOTA GAS",MN,44.946042,-93.205926,NATURAL GAS,0,
2011,"CENTERPOINT ENERGY RESOURCES CORP., DBA CENTERPOINT ENERGY MINNESOTA GAS",MN,45.02228,-93.226879,NATURAL GAS,6970.6,
2011,"CENTERPOINT ENERGY RESOURCES CORP., DBA CENTERPOINT ENERGY MINNESOTA GAS",MN,44.96277,-93.229839,NATURAL GAS,,
2019,"CENTERPOINT ENERGY RESOURCES CORP., DBA CENTERPOINT ENERGY MINNESOTA GAS",MN,44.6952068,-93.2368961,NATURAL GAS,0.01,
2012,"CENTERPOINT ENERGY RESOURCES CORP., DBA CENTERPOINT ENERGY MINNESOTA GAS",MN,44.98683,-93.241719,NATURAL GAS,,
2019,"CENTERPOINT ENERGY RESOURCES CORP., DBA CENTERPOINT ENERGY MINNESOTA GAS",MN,44.7454237,-93.263215,NATURAL GAS,18.5,
2010,"CENTERPOINT ENERGY RESOURCES CORP., DBA CENTERPOINT ENERGY MINNESOTA GAS",MN,44.75364,-93.275893,NATURAL GAS,,
2011,"CENTERPOINT ENERGY RESOURCES CORP., DBA CENTERPOINT ENERGY MINNESOTA GAS",MN,45.084365,-93.295627,NATURAL GAS,0,
2010,"CENTERPOINT ENERGY RESOURCES CORP., DBA CENTERPOINT ENERGY MINNESOTA GAS",MN,45.09051,-93.299,NATURAL GAS,0,
2011,"CENTERPOINT ENERGY RESOURCES CORP., DBA CENTERPOINT ENERGY MINNESOTA GAS",MN,45.097431,-93.334117,NATURAL GAS,4.7,
2010,"CENTERPOINT ENERGY RESOURCES CORP., DBA CENTERPOINT ENERGY MINNESOTA GAS",MN,44.91285,-93.33624,NATURAL GAS,1395,
2015,"CENTERPOINT ENERGY RESOURCES CORP., DBA CENTERPOINT ENERGY MINNESOTA GAS",MN,44.844427,-93.387056,NATURAL GAS,5,
2019,"CENTERPOINT ENERGY RESOURCES CORP., DBA CENTERPOINT ENERGY MINNESOTA GAS",MN,44.715935,-93.398632,NATURAL GAS,16,
2021,"CENTERPOINT ENERGY RESOURCES CORP., DBA CENTERPOINT ENERGY MINNESOTA GAS",MN,44.097544,-93.412043,NATURAL GAS,544,0
2019,"CENTERPOINT ENERGY RESOURCES CORP., DBA CENTERPOINT ENERGY MINNESOTA GAS",MN,44.8729794,-93.4568951,NATURAL GAS,8.09,
2019,"CENTERPOINT ENERGY RESOURCES CORP., DBA CENTERPOINT ENERGY MINNESOTA GAS",MN,44.927657,-93.604123,NATURAL GAS,9.89,
2011,"CENTERPOINT ENERGY RESOURCES CORP., DBA CENTERPOINT ENERGY MINNESOTA GAS",MN,46.192946,-93.761349,NATURAL GAS,,
2019,"CENTERPOINT ENERGY RESOURCES CORP., DBA CENTERPOINT ENERGY MINNESOTA GAS",MN,45.3835169,-94.7132776,NATURAL GAS,1455,
2020,CENTERPOINT ENERGY RESOURCES CORPORATION,LA,30.1759,-93.2244,NATURAL GAS,11,0
2017,CENTERPOINT ENERGY RESOURCES CORPORATION,TX,30.078014,-94.076806,NATURAL GAS,14000,
2019,CENTERPOINT ENERGY RESOURCES CORPORATION,TX,29.36546,-95.08938,NATURAL GAS,165,
2016,CENTERPOINT ENERGY RESOURCES CORPORATION,TX,29.920002,-95.089766,NATURAL GAS,104,
2013,CENTERPOINT ENERGY RESOURCES CORPORATION,TX,29.79999,-95.258148,NATURAL GAS,15,
2013,CENTERPOINT ENERGY RESOURCES CORPORATION,TX,29.62098,-95.30391,NATURAL GAS,72.69,
2015,CENTERPOINT ENERGY RESOURCES CORPORATION,TX,29.787447,-95.310475,NATURAL GAS,71,
2013,CENTERPOINT ENERGY RESOURCES CORPORATION,TX,29.987406,-95.338885,NATURAL GAS,575.41,
2012,CENTERPOINT ENERGY RESOURCES CORPORATION,TX,29.212384,-95.39894,NATURAL GAS,155,
2016,CENTERPOINT ENERGY RESOURCES CORPORATION,TX,29.75525,-95.46023,NATURAL GAS,459,
2013,CENTERPOINT ENERGY RESOURCES CORPORATION,TX,29.600463,-95.464665,NATURAL GAS,357,
2015,CENTERPOINT ENERGY RESOURCES CORPORATION,TX,29.835381,-95.533681,NATURAL GAS,8.06,
2021,CENTERPOINT ENERGY RESOURCES CORPORATION,TX,30.03052778,-95.56555556,NATURAL GAS,2975.564,2171
2014,CENTERPOINT ENERGY RESOURCES CORPORATION,TX,29.93081,-95.71052,NATURAL GAS,126.74,
2014,CENTERPOINT ENERGY RESOURCES CORPORATION,TX,29.60675,-95.792358,NATURAL GAS,6.35,
2016,CENTERPOINT ENERGY RESOURCES CORPORATION,TX,29.56082,-95.81327,NATURAL GAS,967.7,
2017,CENTERPOINT ENERGY RESOURCES CORPORATION,TX,29.56291,-95.82322,NATURAL GAS,120.55,
2019,CENTERPOINT ENERGY RESOURCES CORPORATION,TX,27.75983,-98.07167,,0,
2014,CENTRAL HUDSON GAS & ELECTRIC CORP,NY,41.3590019,-73.738288,,16.7,
2019,CENTRAL HUDSON GAS & ELECTRIC CORP,NY,41.60566,-73.86486,NATURAL GAS,100,
2013,CENTRAL HUDSON GAS & ELECTRIC CORP,NY,41.704081,-73.882583,NATURAL GAS,,
2013,CENTRAL HUDSON GAS & ELECTRIC CORP,NY,41.703615,-73.902029,NATURAL GAS,6.2,
2010,CENTRAL HUDSON GAS & ELECTRIC CORP,NY,41.5095,-74.20715,NATURAL GAS,584,
2019,CHATTANOOGA GAS CO,TN,35.1817,-85.2233,NATURAL GAS,402.6,0
2015,CHATTANOOGA GAS CO,TN,35.114495,-85.264042,NATURAL GAS,39.64,
2020,CHATTANOOGA GAS CO,TN,35.151289,-85.27097,NATURAL GAS,51154,
2014,CHATTANOOGA GAS CO,TN,35.029177,-85.362655,NATURAL GAS,323.5,
2011,CHESAPEAKE UTILITY CORP,MD,38.3335,-75.6322,NATURAL GAS,0.01,
2018,CITIZENS GAS UTIL DIST,TN,36.5761,-84.19916,NATURAL GAS,382,
2016,CITY OF HOOKER,OK,36.855325,-101.214839,NATURAL GAS,140,
2011,CITY OF MAPLETON,IA,42.16134,-95.79342,NATURAL GAS,,
2018,CLEVELAND GAS DEPT,OK,36.31315,-96.463191,NATURAL GAS,67.5,
2015,COLONIAL GAS CO - LOWELL DIV,MA,42.6012386,-71.185445,NATURAL GAS,21.3,
2014,COLONIAL GAS CO - LOWELL DIV,MA,42.484299,-71.276802,,0,
2015,COLONIAL GAS CO - LOWELL DIV,MA,42.5730468,-71.4042069,NATURAL GAS,31.57,
2015,"COLORADO SPRINGS, CITY OF",CO,38.98462,-104.76484,NATURAL GAS,1833,
2016,"COLORADO SPRINGS, CITY OF",CO,38.927672,-104.830791,NATURAL GAS,42.17,
2018,"COLQUITT GAS SYSTEM, CITY OF",GA,31.171145,-84.740584,NATURAL GAS,124,
2021,COLUMBIA GAS OF KENTUCKY INC,KY,37.3454759,-82.8681908,NATURAL GAS,75.3,22
2014,COLUMBIA GAS OF KENTUCKY INC,KY,38.01632,-84.55332,,10.1,
2015,COLUMBIA GAS OF MASSACHUSETTS,MA,42.030736,-70.738945,NATURAL GAS,54,
2015,COLUMBIA GAS OF MASSACHUSETTS,MA,42.104731,-70.759835,NATURAL GAS,13.97,
2015,COLUMBIA GAS OF MASSACHUSETTS,MA,41.879769,-70.931013,NATURAL GAS,1743.64,
2018,COLUMBIA GAS OF MASSACHUSETTS,MA,41.884938,-71.066969,NATURAL GAS,345.7,
2015,COLUMBIA GAS OF MASSACHUSETTS,MA,42.188512,-71.152043,NATURAL GAS,283,
2019,COLUMBIA GAS OF MASSACHUSETTS,MA,42.697083,-71.163293,NATURAL GAS,390,
2018,COLUMBIA GAS OF MASSACHUSETTS,MA,42.715755,-71.174819,NATURAL GAS,0,
2018,COLUMBIA GAS OF MASSACHUSETTS,MA,42.6970057,-71.17532,NATURAL GAS,678,0
2014,COLUMBIA GAS OF MASSACHUSETTS,MA,42.675428,-71.223979,NATURAL GAS,1528.3,
2013,COLUMBIA GAS OF MASSACHUSETTS,MA,41.910158,-71.265726,NATURAL GAS,60,
2012,COLUMBIA GAS OF MASSACHUSETTS,MA,41.817075,-71.335288,NATURAL GAS,10,
2012,COLUMBIA GAS OF MASSACHUSETTS,MA,42.10668,-72.589386,NATURAL GAS,26,
2019,COLUMBIA GAS OF MASSACHUSETTS,MA,42.332072,-72.645019,NATURAL GAS,11.9,
2019,COLUMBIA GAS OF MASSACHUSETTS,MA,40.61877,-73.722643,,0,
2011,COLUMBIA GAS OF OHIO INC,OH,40.37217,-80.34421,NATURAL GAS,0.34,
2020,COLUMBIA GAS OF OHIO INC,OH,40.892459,-80.856872,NATURAL GAS,3464,
2016,COLUMBIA GAS OF OHIO INC,OH,40.871339,-80.885325,NATURAL GAS,121,
2015,COLUMBIA GAS OF OHIO INC,OH,40.463555,-81.0021,NATURAL GAS,9.3,
2017,COLUMBIA GAS OF OHIO INC,OH,40.797129,-81.634377,NATURAL GAS,139,
2017,COLUMBIA GAS OF OHIO INC,OH,41.42824,-82.0614,NATURAL GAS,150.3,
2011,COLUMBIA GAS OF OHIO INC,OH,41.43011,-82.06786,NATURAL GAS,368.9,
2016,COLUMBIA GAS OF OHIO INC,OH,40.86841,-82.30799,,0.02,
2019,COLUMBIA GAS OF OHIO INC,OH,41.38932,-82.35938,NATURAL GAS,21,
2014,COLUMBIA GAS OF OHIO INC,OH,40.05645,-82.4079,NATURAL GAS,3.35,
2018,COLUMBIA GAS OF OHIO INC,OH,40.7851556,-82.49163333,NATURAL GAS,0,
2020,COLUMBIA GAS OF OHIO INC,OH,38.45443,-82.54555,NATURAL GAS,0,1
2020,COLUMBIA GAS OF OHIO INC,OH,40.695799,-82.562557,NATURAL GAS,38597,
2015,COLUMBIA GAS OF OHIO INC,OH,40.901488,-82.589641,NATURAL GAS,47249.7,
2020,COLUMBIA GAS OF OHIO INC,OH,38.550153,-82.613676,,0,
2019,COLUMBIA GAS OF OHIO INC,OH,41.29049,-82.78316,,0,
2015,COLUMBIA GAS OF OHIO INC,OH,40.243747,-82.861975,NATURAL GAS,1790,
2017,COLUMBIA GAS OF OHIO INC,OH,40.03575,-82.97868,NATURAL GAS,262,
2019,COLUMBIA GAS OF OHIO INC,OH,38.75909,-82.98471,NATURAL GAS,760,
2019,COLUMBIA GAS OF OHIO INC,OH,39.99765,-83.0346,NATURAL GAS,2,
2015,COLUMBIA GAS OF OHIO INC,OH,40.027082,-83.057943,NATURAL GAS,163,
2016,COLUMBIA GAS OF OHIO INC,OH,39.954324,-83.075861,NATURAL GAS,445.7,
2012,COLUMBIA GAS OF OHIO INC,OH,40.147621,-83.096366,,,
2013,COLUMBIA GAS OF OHIO INC,OH,41.12043,-83.17673,,,
2010,COLUMBIA GAS OF OHIO INC,OH,41.68797,-83.49829,NATURAL GAS,862,
2013,COLUMBIA GAS OF OHIO INC,OH,41.6356,-83.52742,NATURAL GAS,4.8,
2021,COLUMBIA GAS OF OHIO INC,OH,41.651319,-83.548099,NATURAL GAS,40395.7,101.7
2013,COLUMBIA GAS OF OHIO INC,OH,41.6789,-83.58924,NATURAL GAS,2.37,
2021,COLUMBIA GAS OF OHIO INC,OH,41.653824,-83.695416,NATURAL GAS,11699,49
2016,COLUMBIA GAS OF OHIO INC,OH,39.936713,-83.76686999,NATURAL GAS,4147,
2019,COLUMBIA GAS OF PENNSYLVANIA,PA,39.784836,-76.672373,NATURAL GAS,4200,
2016,COLUMBIA GAS OF PENNSYLVANIA,PA,39.523879,-77.01525,NATURAL GAS,12750,
2016,COLUMBIA GAS OF PENNSYLVANIA,PA,39.738278,-77.091946,NATURAL GAS,0,
2020,COLUMBIA GAS OF PENNSYLVANIA,PA,41.04099,-79.50848,NATURAL GAS,0,0
2018,COLUMBIA GAS OF PENNSYLVANIA,PA,40.293443,-80.031659,NATURAL GAS,139.8,
2020,COLUMBIA GAS OF PENNSYLVANIA,PA,40.362638,-80.188425,NATURAL GAS,1378,0
2019,COLUMBIA GAS OF PENNSYLVANIA,PA,40.163007,-80.252453,NATURAL GAS,0,
2011,COLUMBIA GAS OF PENNSYLVANIA,PA,40.000706,-80.25642,NATURAL GAS,288,
2020,COLUMBIA GAS OF PENNSYLVANIA,PA,40.175262,-80.298543,NATURAL GAS,2765,0
2016,COLUMBIA GAS OF VIRGINIA INC,VA,36.884045,-76.408695,NATURAL GAS,12.1,
2016,COLUMBIA GAS OF VIRGINIA INC,VA,38.748834,-77.448281,NATURAL GAS,46.33,
2014,COLUMBIA GAS OF VIRGINIA INC,VA,38.35225,-77.5537833,NATURAL GAS,210.3,
2011,COLUMBIA GAS OF VIRGINIA INC,VA,38.79919,-77.61574,NATURAL GAS,651.6,
2010,COLUMBIA GAS OF VIRGINIA INC,VA,36.64449,-79.36426,NATURAL GAS,536,
2016,COLUMBIA GAS OF VIRGINIA INC,VA,36.80512,-79.37849,NATURAL GAS,227,
2014,COMMUNITY NATURAL GAS INC,IN,38.144527,-87.2101,NATURAL GAS,105,
2011,CONSOLIDATED EDISON CO OF NEW YORK,NY,41.0191609,-73.693895,NATURAL GAS,0.16,
2010,CONSOLIDATED EDISON CO OF NEW YORK,NY,40.948871,-73.702631,NATURAL GAS,3.1,
2013,CONSOLIDATED EDISON CO OF NEW YORK,NY,40.967746,-73.736322,NATURAL GAS,57.5,
2011,CONSOLIDATED EDISON CO OF NEW YORK,NY,40.7202674,-73.7554868,NATURAL GAS,,
2012,CONSOLIDATED EDISON CO OF NEW YORK,NY,41.139192,-73.765009,NATURAL GAS,1,
2013,CONSOLIDATED EDISON CO OF NEW YORK,NY,41.03323,-73.77553,NATURAL GAS,9.8,
2011,CONSOLIDATED EDISON CO OF NEW YORK,NY,41.036919,-73.778912,NATURAL GAS,100,
2011,CONSOLIDATED EDISON CO OF NEW YORK,NY,40.927382,-73.779546,NATURAL GAS,0,
2017,CONSOLIDATED EDISON CO OF NEW YORK,NY,40.9831423,-73.7850393,NATURAL GAS,0.03,
2013,CONSOLIDATED EDISON CO OF NEW YORK,NY,41.070181,-73.800082,NATURAL GAS,14.5,
2012,CONSOLIDATED EDISON CO OF NEW YORK,NY,41.06938,-73.800167,NATURAL GAS,10,
2012,CONSOLIDATED EDISON CO OF NEW YORK,NY,41.04342,-73.80153,NATURAL GAS,144,
2012,CONSOLIDATED EDISON CO OF NEW YORK,NY,41.0964221,-73.8024256,NATURAL GAS,13,
2010,CONSOLIDATED EDISON CO OF NEW YORK,NY,41.095645,-73.802806,NATURAL GAS,105,
2012,CONSOLIDATED EDISON CO OF NEW YORK,NY,40.9887674,-73.8087485,NATURAL GAS,29,
2010,CONSOLIDATED EDISON CO OF NEW YORK,NY,40.90677,-73.819407,NATURAL GAS,0.16,
2011,CONSOLIDATED EDISON CO OF NEW YORK,NY,40.723948,-73.819954,NATURAL GAS,65,
2013,CONSOLIDATED EDISON CO OF NEW YORK,NY,40.841234,-73.841374,,0.15,
2012,CONSOLIDATED EDISON CO OF NEW YORK,NY,40.898975,-73.846185,NATURAL GAS,65,
2013,CONSOLIDATED EDISON CO OF NEW YORK,NY,40.8342275,-73.851659,NATURAL GAS,3.5,
2019,CONSOLIDATED EDISON CO OF NEW YORK,NY,40.758381,-73.856754,NATURAL GAS,10765,
2010,CONSOLIDATED EDISON CO OF NEW YORK,NY,40.887987,-73.8604007,NATURAL GAS,1,
2013,CONSOLIDATED EDISON CO OF NEW YORK,NY,40.88891,-73.860669,,2,
2014,CONSOLIDATED EDISON CO OF NEW YORK,NY,41.033958,-73.86543,NATURAL GAS,5.2,
2012,CONSOLIDATED EDISON CO OF NEW YORK,NY,40.8301779,-73.869565,NATURAL GAS,11,
2011,CONSOLIDATED EDISON CO OF NEW YORK,NY,41.2115065,-73.8756739,NATURAL GAS,0,
2010,CONSOLIDATED EDISON CO OF NEW YORK,NY,40.810353,-73.88104,NATURAL GAS,17,
2017,CONSOLIDATED EDISON CO OF NEW YORK,NY,40.8532,-73.8832,,0,
2011,CONSOLIDATED EDISON CO OF NEW YORK,NY,40.815656,-73.888379,NATURAL GAS,0.1,
2019,CONSOLIDATED EDISON CO OF NEW YORK,NY,41.191679,-73.889588,NATURAL GAS,10,
2013,CONSOLIDATED EDISON CO OF NEW YORK,NY,40.814695,-73.894013,NATURAL GAS,2,
2015,CONSOLIDATED EDISON CO OF NEW YORK,NY,40.86503531,-73.9034028,NATURAL GAS,9,
2016,CONSOLIDATED EDISON CO OF NEW YORK,NY,40.883197,-73.905976,NATURAL GAS,1,
2017,CONSOLIDATED EDISON CO OF NEW YORK,NY,40.86163,-73.906349,NATURAL GAS,10,
2012,CONSOLIDATED EDISON CO OF NEW YORK,NY,40.871372,-73.916494,NATURAL GAS,2,
2011,CONSOLIDATED EDISON CO OF NEW YORK,NY,40.879437,-73.917542,NATURAL GAS,0.15,
2017,CONSOLIDATED EDISON CO OF NEW YORK,NY,40.7406859,-73.928386,NATURAL GAS,30,
2012,CONSOLIDATED EDISON CO OF NEW YORK,NY,40.845582,-73.9360559,NATURAL GAS,271.8,
2011,CONSOLIDATED EDISON CO OF NEW YORK,NY,40.796536,-73.937428,NATURAL GAS,9.24,
2015,CONSOLIDATED EDISON CO OF NEW YORK,NY,40.747862,-73.938941,NATURAL GAS,2419,
2014,CONSOLIDATED EDISON CO OF NEW YORK,NY,40.799726,-73.943401,NATURAL GAS,30,
2011,CONSOLIDATED EDISON CO OF NEW YORK,NY,40.8191886,-73.9522576,NATURAL GAS,9.9,
2016,CONSOLIDATED EDISON CO OF NEW YORK,NY,40.8243619,-73.9528411,NATURAL GAS,1,
2020,CONSOLIDATED EDISON CO OF NEW YORK,NY,40.8488456,-73.9637356,NATURAL GAS,10,0
2010,CONSOLIDATED EDISON CO OF NEW YORK,NY,40.805669,-73.96438,NATURAL GAS,1,
2015,CONSOLIDATED EDISON CO OF NEW YORK,NY,40.756831,-73.969595,NATURAL GAS,0.7,
2018,CONSOLIDATED EDISON CO OF NEW YORK,NY,40.79198,-73.97437,NATURAL GAS,6,
2011,CONSOLIDATED EDISON CO OF NEW YORK,NY,40.728042,-73.980236,NATURAL GAS,15,
2016,CONSOLIDATED EDISON CO OF NEW YORK,NY,40.761704,-73.980295,NATURAL GAS,162,
2011,CONSOLIDATED EDISON CO OF NEW YORK,NY,40.7334946,-73.9932039,NATURAL GAS,61.25,
2013,CONSOLIDATED EDISON CO OF NEW YORK,NY,40.7079967,-74.0035268,,,
2016,CONSOLIDATED EDISON CO OF NEW YORK,NY,40.71739,-74.00694,NATURAL GAS,108,
2020,CONSUMERS ENERGY CO,MI,42.46618,-83.02023,NATURAL GAS,345,0
2019,CONSUMERS ENERGY CO,MI,42.44997512,-83.05853222,NATURAL GAS,0.1,
2016,CONSUMERS ENERGY CO,MI,43.025673,-83.07737,NATURAL GAS,736,
2018,CONSUMERS ENERGY CO,MI,42.63454,-83.087184,NATURAL GAS,4.5,
2019,CONSUMERS ENERGY CO,MI,42.686456,-83.124073,NATURAL GAS,598,
2015,CONSUMERS ENERGY CO,MI,42.551879,-83.180369,NATURAL GAS,103,
2018,CONSUMERS ENERGY CO,MI,42.637704,-83.18579,NATURAL GAS,3,
2013,CONSUMERS ENERGY CO,MI,42.527098,-83.19306,NATURAL GAS,231.8,
2019,CONSUMERS ENERGY CO,MI,42.694087,-83.200648,NATURAL GAS,4046,
2018,CONSUMERS ENERGY CO,MI,42.680238,-83.207376,NATURAL GAS,11125,
2018,CONSUMERS ENERGY CO,MI,42.479251,-83.250207,NATURAL GAS,5441,
2011,CONSUMERS ENERGY CO,MI,42.820279,-83.26156,NATURAL GAS,40.67,
2019,CONSUMERS ENERGY CO,MI,42.620444,-83.272313,NATURAL GAS,95.7,
2019,CONSUMERS ENERGY CO,MI,42.690709,-83.304207,NATURAL GAS,154.47,
2010,CONSUMERS ENERGY CO,MI,42.287791,-83.384096,NATURAL GAS,600,
2014,CONSUMERS ENERGY CO,MI,42.678464,-83.389884,NATURAL GAS,83,
2015,CONSUMERS ENERGY CO,MI,42.55498,-83.45174,NATURAL GAS,43.51,
2018,CONSUMERS ENERGY CO,MI,42.39583,-83.484014,NATURAL GAS,30552,
2017,CONSUMERS ENERGY CO,MI,43.049037,-83.517821,NATURAL GAS,182,
2018,CONSUMERS ENERGY CO,MI,42.997306,-83.554559,NATURAL GAS,12,
2010,CONSUMERS ENERGY CO,MI,42.66279,-83.61297,NATURAL GAS,46,
2010,CONSUMERS ENERGY CO,MI,49.972439,-83.635397,NATURAL GAS,,
2020,CONSUMERS ENERGY CO,MI,42.89379,-83.6506,NATURAL GAS,2700,469
2015,CONSUMERS ENERGY CO,MI,43.012721,-83.654125,NATURAL GAS,5883,
2013,CONSUMERS ENERGY CO,MI,43.177701,-83.654776,NATURAL GAS,17,
2017,CONSUMERS ENERGY CO,MI,43.051734,-83.679589,NATURAL GAS,11960,
2016,CONSUMERS ENERGY CO,MI,42.6281,-83.69,NATURAL GAS,154,
2014,CONSUMERS ENERGY CO,MI,43.128632,-83.694108,NATURAL GAS,19.5,
2017,CONSUMERS ENERGY CO,MI,41.737495,-83.724526,NATURAL GAS,112,
2020,CONSUMERS ENERGY CO,MI,42.541453,-83.786951,NATURAL GAS,841,0
2015,CONSUMERS ENERGY CO,MI,43.147486,-83.881753,NATURAL GAS,17.26,
2010,CONSUMERS ENERGY CO,MI,43.65361,-83.94444,NATURAL GAS,500,
2019,CONSUMERS ENERGY CO,MI,43.47672,-84.069948,NATURAL GAS,2511,
2015,CONSUMERS ENERGY CO,MI,42.96816,-84.081998,NATURAL GAS,12525,
2014,CONSUMERS ENERGY CO,MI,43.434911,-84.163717,NATURAL GAS,3375,
2021,CONSUMERS ENERGY CO,MI,42.68862,-84.27692,NATURAL GAS,977,0
2020,CONSUMERS ENERGY CO,MI,43.80576,-84.386069,NATURAL GAS,447,0
2015,CONSUMERS ENERGY CO,MI,42.22634,-84.39365,NATURAL GAS,60.77,
2019,CONSUMERS ENERGY CO,MI,43.335524,-84.463756,NATURAL GAS,12,
2013,CONSUMERS ENERGY CO,MI,43.9874,-84.48115,NATURAL GAS,705.6,
2018,CONSUMERS ENERGY CO,MI,43.881404,-84.488004,NATURAL GAS,14,
2014,CONSUMERS ENERGY CO,MI,42.64765,-84.512992,NATURAL GAS,18.7,
2015,CONSUMERS ENERGY CO,MI,42.651527,-84.53009,NATURAL GAS,21.7,
2015,CONSUMERS ENERGY CO,MI,42.742308,-84.537508,NATURAL GAS,23.07,
2010,CONSUMERS ENERGY CO,MI,42.750461,-84.547737,NATURAL GAS,,
2017,CONSUMERS ENERGY CO,MI,42.8178,-84.6056,NATURAL GAS,422,
2017,CONSUMERS ENERGY CO,MI,42.734004,-84.660759,NATURAL GAS,26,
2014,CONSUMERS ENERGY CO,MI,42.696793,-84.672486,NATURAL GAS,3190,
2021,CONSUMERS ENERGY CO,MI,42.290927,-85.577437,NATURAL GAS,4443,0
2014,CONSUMERS ENERGY CO,MI,42.312144,-85.579072,NATURAL GAS,6422.25,
2013,CONSUMERS GAS UTILITY CO,WV,39.28271,-80.96579,NATURAL GAS,5,
2011,"COOKEVILLE GAS DEPT, CITY OF",TN,36.14512,-85.525387,NATURAL GAS,0.56,
2015,"CORDOVA, WATER WORKS & GAS BOARD FO THE CITY OF",AL,33.760091,-87.1863975,NATURAL GAS,475,
2014,CORNING INCORPORATED,NY,42.150384,-77.055112,NATURAL GAS,1,
2013,"CORPUS CHRISTI, CITY OF - GAS DIV",TX,27.605655,-97.222936,NATURAL GAS,50,
2014,"CORPUS CHRISTI, CITY OF - GAS DIV",TX,27.679884,-97.37217,NATURAL GAS,347,
2011,"CORPUS CHRISTI, CITY OF - GAS DIV",TX,27.68275,-97.37949,NATURAL GAS,,
2012,"CORPUS CHRISTI, CITY OF - GAS DIV",TX,27.734063,-97.38411,NATURAL GAS,89,
2011,"CORPUS CHRISTI, CITY OF - GAS DIV",TX,27.795335,-97.39966,NATURAL GAS,,
2011,"CORPUS CHRISTI, CITY OF - GAS DIV",TX,27.72763,-97.413674,NATURAL GAS,,
2012,"CORPUS CHRISTI, CITY OF - GAS DIV",TX,27.79235,-97.44733,NATURAL GAS,8,
2021,"CORPUS CHRISTI, CITY OF - GAS DIV",TX,27.784467,-97.558642,NATURAL GAS,0.044,0
2014,"COSERV GAS, LTD",TX,33.168687,-96.907977,NATURAL GAS,241,
2013,CPS ENERGY,TX,29.55188,-98.37176,,55,
2014,CPS ENERGY,TX,29.47893,-98.43526,NATURAL GAS,,
2017,CPS ENERGY,TX,29.549072,-98.461436,NATURAL GAS,45,
2019,CPS ENERGY,TX,29.33,-98.51689,NATURAL GAS,100,
2012,CPS ENERGY,TX,49.474287,-98.626033,,81.9,
2018,CPS ENERGY,TX,29.51632,-98.68695,NATURAL GAS,120,
2014,"DANVILLE, CITY OF",VA,36.61555,-79.39871,NATURAL GAS,7100,
2012,DEKALB - CHEROKEE COUNTIES GAS DISTRICT,AL,34.268648,-86.075097,NATURAL GAS,66,
2010,DELMARVA POWER & LIGHT COMPANY,DE,39.756837,-75.517246,NATURAL GAS,80,
2011,DELMARVA POWER & LIGHT COMPANY,DE,39.740515,-75.613266,NATURAL GAS,0.1,
2014,DELMARVA POWER & LIGHT COMPANY,DE,39.701624,-75.692135,NATURAL GAS,40.9,
2010,DOMINION EAST OHIO,OH,41.0237,-80.5988,NATURAL GAS,62,
2011,DOMINION EAST OHIO,OH,41.71070031,-81.2337373,NATURAL GAS,,
2011,DOMINION EAST OHIO,OH,41.7431,-81.2744,NATURAL GAS,86,
2014,DOMINION EAST OHIO,OH,40.70302259,-81.43497065,NATURAL GAS,75,
2012,DOMINION EAST OHIO,OH,41.50293,-81.48168,NATURAL GAS,606,
2010,DOMINION EAST OHIO,OH,41.525199,-81.562186,NATURAL GAS,1,
2013,DOMINION EAST OHIO,OH,41.5503,-81.5837,NATURAL GAS,1727,
2011,DOMINION EAST OHIO,OH,41.4822,-81.6261,NATURAL GAS,902,
2010,DOMINION EAST OHIO,OH,41.4765,-81.7421,NATURAL GAS,6156,
2018,DOMINION ENERGY OHIO,OH,41.511057,-81.450219,NATURAL GAS,105,
2019,DOMINION ENERGY OHIO,OH,41.11904,-81.45703,NATURAL GAS,1.6,
2019,DOMINION ENERGY OHIO,OH,41.479437,-81.483215,NATURAL GAS,13179,
2020,DOMINION ENERGY OHIO,OH,41.1293734,-81.6344553,NATURAL GAS,2427,112
2019,DOMINION ENERGY OHIO,OH,41.43026,-81.79026,NATURAL GAS,82,
2018,DOMINION ENERGY OHIO,OH,41.43362,-81.80123,NATURAL GAS,4774,
2020,DOMINION ENERGY OHIO,OH,40.395384,-84.184434,NATURAL GAS,77,0
2021,"DOMINION ENERGY SOUTH CAROLINA, INC.",SC,32.902339,-79.985598,NATURAL GAS,367.18,0
2020,"DOMINION ENERGY SOUTH CAROLINA, INC.",SC,32.244389,-80.999985,NATURAL GAS,6996.1,
2019,DOMINION ENERGY UTAH/WYOMING/IDAHO,UT,39.517837,-111.582155,NATURAL GAS,0,
2019,DOMINION ENERGY UTAH/WYOMING/IDAHO,UT,40.586376,-111.648972,NATURAL GAS,11.32,
2019,DOMINION ENERGY UTAH/WYOMING/IDAHO,UT,40.39623262,-111.7461374,NATURAL GAS,13,
2017,DOMINION ENERGY UTAH/WYOMING/IDAHO,UT,40.63016,-111.807,NATURAL GAS,545,
2020,DOMINION ENERGY UTAH/WYOMING/IDAHO,UT,40.6096116,-111.9375194,NATURAL GAS,3827.25,
2020,DOMINION ENERGY UTAH/WYOMING/IDAHO,UT,40.60268006,-112.45469,,6,
2020,DOMINION ENERGY WEST VIRGINIA,WV,39.638382,-79.981814,NATURAL GAS,2.51,0
2013,DOMINION HOPE,WV,38.941703,-79.949524,NATURAL GAS,62.83,
2016,DOMINION HOPE,WV,39.63788,-79.97714,NATURAL GAS,7,
2010,DOMINION PEOPLES,PA,40.39501,-80.366364,NATURAL GAS,4971,
2014,DTE GAS COMPANY,MI,42.407942,-82.957011,NATURAL GAS,,
2014,DTE GAS COMPANY,MI,42.440755,-82.991686,NATURAL GAS,0,
2018,DTE GAS COMPANY,MI,42.342155,-82.998826,NATURAL GAS,1735,
2016,DTE GAS COMPANY,MI,42.369644,-83.020507,NATURAL GAS,160,
2017,DTE GAS COMPANY,MI,42.37612,-83.05348,NATURAL GAS,9834,
2021,DTE GAS COMPANY,MI,42.39575,-83.09791,NATURAL GAS,98.6,0
2016,DTE GAS COMPANY,MI,42.425929,-83.104056,NATURAL GAS,0,
2017,DTE GAS COMPANY,MI,42.441053,-83.144726,NATURAL GAS,0,
2016,DTE GAS COMPANY,MI,42.240728,-83.144992,NATURAL GAS,107.76,
2015,DTE GAS COMPANY,MI,42.331424,-83.14834,NATURAL GAS,1,
2016,DTE GAS COMPANY,MI,42.293083,-83.17532,NATURAL GAS,24010,
2018,DTE GAS COMPANY,MI,42.122087,-83.179768,NATURAL GAS,13,
2020,DTE GAS COMPANY,MI,42.39258,-83.23674,NATURAL GAS,2,
2015,DTE GAS COMPANY,MI,42.210076,-83.32151,NATURAL GAS,7991.85,
2018,DTE GAS COMPANY,MI,42.16171,-83.40306,NATURAL GAS,2431,
2016,DTE GAS COMPANY,MI,42.200444,-83.483266,NATURAL GAS,69.23,
2019,DTE GAS COMPANY,MI,42.24795,-83.48686,NATURAL GAS,4810,
2015,DTE GAS COMPANY,MI,44.370098,-84.772122,NATURAL GAS,2,
2013,DTE GAS COMPANY,MI,45.163983,-84.933007,NATURAL GAS,149,
2014,DTE GAS COMPANY,MI,42.882085,-85.829144,,0,
2011,DUKE ENERGY KENTUCKY,KY,38.787087,-84.370505,NATURAL GAS,,
2013,DUKE ENERGY KENTUCKY,KY,39.091901,-84.462267,NATURAL GAS,35,
2010,DUKE ENERGY OHIO,OH,39.44099,-84.2193,NATURAL GAS,1500,
2010,DUKE ENERGY OHIO,OH,39.066895,-84.276334,NATURAL GAS,4,
2020,DUKE ENERGY OHIO,OH,39.222719,-84.356968,NATURAL GAS,4719,
2020,DUKE ENERGY OHIO,OH,39.310081,-84.464813,NATURAL GAS,260,
2016,DUKE ENERGY OHIO,OH,39.317028,-84.505248,NATURAL GAS,1274.26,
2018,"DUMAS, CITY OF",TX,35.863588,-101.965062,,0,
2011,ELIZABETHTOWN GAS CO,NJ,40.6652,-74.21737,NATURAL GAS,1250,
2012,ELIZABETHTOWN GAS CO,NJ,40.58025,-74.21993,NATURAL GAS,26,
2012,ELIZABETHTOWN GAS CO,NJ,40.69168,-74.24858,NATURAL GAS,0,
2019,ELIZABETHTOWN GAS CO,NJ,40.332339,-74.788795,NATURAL GAS,8.14,
2016,ENERGY WEST MONTANA,MT,44.66117,-111.10896,NATURAL GAS,1,
2018,ENERGY WEST MONTANA,MT,47.46361,-111.31722,NATURAL GAS,0.1,
2017,ENSTAR NATURAL GAS CO,AK,61.60719,-149.059311,NATURAL GAS,142,
2018,ENSTAR NATURAL GAS CO,AK,61.556215,-149.443512,NATURAL GAS,500,
2014,ENSTAR NATURAL GAS CO,AK,61.306715,-149.543915,NATURAL GAS,10,
2010,ENSTAR NATURAL GAS CO,AK,61.534,-149.873,NATURAL GAS,1,
2015,ENSTAR NATURAL GAS CO,AK,61.212917,-149.883461,NATURAL GAS,10,
2012,ENSTAR NATURAL GAS CO,AK,60.499832,-150.923017,NATURAL GAS,10,
2016,ENSTAR NATURAL GAS CO,AK,60.576341,-151.320649,NATURAL GAS,406,
2011,ENTERGY GULF STATES,LA,30.455744,-91.163762,NATURAL GAS,23.64,
2016,"ENTERGY NEW ORLEANS, INC",LA,30.007778,-89.254444,NATURAL GAS,1795,
2013,"ENTERGY NEW ORLEANS, INC",LA,29.97825,-90.065316,NATURAL GAS,0,
2011,"ENTERGY NEW ORLEANS, INC",LA,29.963382,-90.080429,NATURAL GAS,7.4,
2018,"ENTERGY NEW ORLEANS, LLC",LA,29.963473,-90.07146,NATURAL GAS,0.9,
2011,"ENTEX, A NORAM ENERGY COMPANY (FORM. DIV OF ARKLA",TX,29.948651,-95.389665,NATURAL GAS,15,
2010,"ENTEX, A NORAM ENERGY COMPANY (FORM. DIV OF ARKLA",TX,29.88414,-95.46865,NATURAL GAS,30.52,
2012,FITCHBURG GAS & ELECTRIC LIGHT CO,MA,0,0,NATURAL GAS,20,
2013,FITCHBURG GAS & ELECTRIC LIGHT CO,MA,42.584906,-71.7894,,,
2014,FIVE VALLEY GAS CO,MT,47.17952,-113.48519,PROPANE GAS,0.24,
2016,FLEMINGSBURG UTILITIES SYSTEM,KY,38.51881,-83.84138,NATURAL GAS,5,
2010,"FLORENCE GAS DEPT, CITY OF",AL,34.80663,-87.67568,NATURAL GAS,14000,
2015,"FLORENCE GAS DEPT, CITY OF",AL,34.829886,-87.689174,,1.2,
2019,FLORIDA CITY GAS,FL,27.3261803,-80.3242468,NATURAL GAS,4050,
2015,FLORIDA CITY GAS,FL,27.316655,-80.373502,NATURAL GAS,675,
2010,FLORIDA CITY GAS,FL,28.21299,-80.4299,NATURAL GAS,1,
2016,FLORIDA CITY GAS,FL,28.055878,-80.618263,NATURAL GAS,194.16,
2014,FLORIDA PUBLIC UTILITIES CO,FL,26.710577,-80.042052,NATURAL GAS,1,
2020,FLORIDA PUBLIC UTILITIES CO,FL,26.54792,-80.04302,NATURAL GAS,63,0
2012,FLORIDA PUBLIC UTILITIES CO,FL,26.76273,-80.05291,NATURAL GAS,0.3,
2017,FLORIDA PUBLIC UTILITIES CO,FL,26.382656,-80.077226,NATURAL GAS,0.3,
2015,FLORIDA PUBLIC UTILITIES CO,FL,26.351202,-80.115319,NATURAL GAS,1,
2010,"FOLEY UTILITY BOARD, CITY OF (RIVIERA UTIL)",AL,30.2791833,-87.68415,NATURAL GAS,250,
2011,FORT HILL NATURAL GAS AUTH,SC,34,-82,NATURAL GAS,964,
2014,"GOODHUE MUNICIPAL GAS, CITY OF",MN,44.43551,-92.641726,,0,
2015,GRAHAM COUNTY UTIL INC,AZ,32.8302374,-109.7514824,,0,
2010,"GRAND ISLE, TOWN OF",LA,29.210117,-90.050133,NATURAL GAS,139,
2015,GREAT PLAINS NATURAL GAS CO,MN,46.26445,-96.05534,NATURAL GAS,0,
2019,GREATER MINNESOTA GAS INC.,MN,44.620435,-93.452157,NATURAL GAS,1,
2013,"GREENSBORO MUNICIPAL GAS SYSTEM, CITY OF",GA,33.576211,-83.175854,NATURAL GAS,430,
2015,HAWAI`IGAS,HI,21.279528,-157.813958,SYNTHETIC GAS,160,
2013,HAWAI`IGAS,HI,21.36,-157.94,NATURAL GAS,850,
2020,"HEMPSTEAD, CITY OF",TX,30.092136,-96.072948,NATURAL GAS,9,0
2011,HERITAGE PROPANE,FL,28.49454,-82.5551,PROPANE GAS,18,
2013,HUNTSVILLE GAS SYSTEM,AL,34.74227,-86.58928,NATURAL GAS,8,
2010,INDIANA GAS CO INC,IN,39.81258,-85.13606,NATURAL GAS,56,
2014,INDIANA GAS CO INC,IN,40.20874,-85.38235,NATURAL GAS,15,
2017,INDIANA GAS CO INC,IN,39.743558,-85.43199,NATURAL GAS,235,
2013,INDIANA GAS CO INC,IN,39.697635,-85.446315,NATURAL GAS,5160,
2018,INDIANA GAS CO INC,IN,40.117316,-85.5998397,NATURAL GAS,79,
2017,INDIANA GAS CO INC,IN,40.264,-85.692,NATURAL GAS,10440,
2011,INDIANA GAS CO INC,IN,38.2978,-85.79506,NATURAL GAS,63,
2016,INDIANA GAS CO INC,IN,39.973308,-86.032889,NATURAL GAS,15.79,
2017,INDIANA GAS CO INC,IN,39.633933,-86.328748,NATURAL GAS,42,
2019,INDIANA GAS CO INC,IN,39.422037,-86.400087,NATURAL GAS,77,
2020,INDIANA GAS CO INC,IN,40.052244,-86.9062382,NATURAL GAS,9.75,0
2014,INDIANA GAS CO INC,IN,40.2885,-87.25223,NATURAL GAS,211,
2016,INDIANA GAS CO INC,IN,39.4406,-87.42311,NATURAL GAS,124,
2014,INDIANA NATURAL GAS CORP,IN,39.2002,-86.06731,NATURAL GAS,63,
2020,INTERMOUNTAIN GAS CO,ID,43.49656495,-112.0548281,NATURAL GAS,34,
2021,INTERMOUNTAIN GAS CO,ID,43.31130675,-112.0653728,NATURAL GAS,6027,0
2016,INTERMOUNTAIN GAS CO,ID,43.18643,-112.296287,NATURAL GAS,3065.5,
2019,INTERMOUNTAIN GAS CO,ID,42.92207986,-112.8494916,NATURAL GAS,0.42,
2012,INTERMOUNTAIN GAS CO,ID,42.73236,-112.879093,,,
2017,INTERMOUNTAIN GAS CO,ID,42.767656,-114.463375,,48,
2016,INTERMOUNTAIN GAS CO,ID,43.644039,-116.499927,NATURAL GAS,12431,
2017,INTERMOUNTAIN GAS CO,ID,43.81091,-116.687843,,178,
2010,JO-CARROLL ENERGY,IL,41.83488,-90.16831,NATURAL GAS,3,
2012,KANSAS GAS SERVICE,KS,37.83563,-94.71851,,3,
2012,KANSAS GAS SERVICE,KS,39.0108333,-95.6819444,NATURAL GAS,101,
2012,KANSAS GAS SERVICE,KS,39.0333333,-95.7538333,NATURAL GAS,54,
2012,KANSAS GAS SERVICE,KS,39.15944,-96.62944,NATURAL GAS,4504,
2013,KANSAS GAS SERVICE,KS,37.70833,-97.28805,NATURAL GAS,1252,
2012,KANSAS GAS SERVICE,KS,37.708333,-97.3,,2,
2017,"KANSAS GAS SERVICE COMPANY, A DIVISION OF ONE GAS, INC.",KS,38.96345,-94.63854,NATURAL GAS,10,
2017,"KANSAS GAS SERVICE COMPANY, A DIVISION OF ONE GAS, INC.",KS,39.01507,-95.59237,NATURAL GAS,2,
2014,"KANSAS GAS SERVICE COMPANY, A DIVISION OF ONE GAS, INC.",KS,39.07343,-95.673023,NATURAL GAS,0.07,
2015,"KANSAS GAS SERVICE COMPANY, A DIVISION OF ONE GAS, INC.",KS,39.05099,-95.740186,NATURAL GAS,232.09,
2016,"KANSAS GAS SERVICE COMPANY, A DIVISION OF ONE GAS, INC.",KS,38.047465,-97.36116704,NATURAL GAS,0.01,
2016,"KANSAS GAS SERVICE COMPANY, A DIVISION OF ONE GAS, INC.",KS,38.79811,-97.61291,NATURAL GAS,512,
2016,"KAPLAN GAS DEPT, CITY OF",LA,29.996969,-92.280062,NATURAL GAS,1200,
2021,"KENTUCKY FRONTIER GAS,LLC",KY,37.63863,-82.25288,NATURAL GAS,3,0
2013,KEYSPAN ENERGY DELIVERY - LONG ISLAND,NY,40.874822,73.056822,NATURAL GAS,12000,
2015,KEYSPAN ENERGY DELIVERY - LONG ISLAND,NY,40.907022,-72.361801,NATURAL GAS,0.1,
2012,KEYSPAN ENERGY DELIVERY - LONG ISLAND,NY,40.802053,-73.19725,NATURAL GAS,0.29,
2012,KEYSPAN ENERGY DELIVERY - LONG ISLAND,NY,40.677355,-73.406815,,,
2012,KEYSPAN ENERGY DELIVERY - LONG ISLAND,NY,40.64082,-73.591245,,,
2012,KEYSPAN ENERGY DELIVERY - LONG ISLAND,NY,40.734333,-73.628959,NATURAL GAS,12,
2011,KEYSPAN ENERGY DELIVERY - LONG ISLAND,NY,40.703518,-73.700831,NATURAL GAS,50,
2019,KEYSPAN ENERGY DELIVERY - LONG ISLAND,NY,40.643509,-73.704015,NATURAL GAS,85,
2020,KEYSPAN ENERGY DELIVERY - LONG ISLAND,NY,40.636734,-73.743665,,0,
2013,KEYSPAN ENERGY DELIVERY - LONG ISLAND,NY,40.595676,-73.793539,,,
2016,KEYSPAN ENERGY DELIVERY - NY CITY,NY,40.683633,-70.967664,NATURAL GAS,364.4,
2017,KEYSPAN ENERGY DELIVERY - NY CITY,NY,40.444764,-73.533321,NATURAL GAS,966,
2015,KEYSPAN ENERGY DELIVERY - NY CITY,NY,40.393881,-73.550649,NATURAL GAS,0.8,
2015,KEYSPAN ENERGY DELIVERY - NY CITY,NY,40.43248,-73.554829,,0,
2015,KEYSPAN ENERGY DELIVERY - NY CITY,NY,40.43248,-73.554829,,0,
2015,KEYSPAN ENERGY DELIVERY - NY CITY,NY,40.344267,-73.592214,,0,
2016,KEYSPAN ENERGY DELIVERY - NY CITY,NY,40.41434,-73.593162,,1.1,
2013,KEYSPAN ENERGY DELIVERY - NY CITY,NY,40.699594,-73.826303,,0,
2014,KEYSPAN ENERGY DELIVERY - NY CITY,NY,40.668152,-73.855376,,0,
2016,KEYSPAN ENERGY DELIVERY - NY CITY,NY,40.74782,-73.860639,NATURAL GAS,113.47,
2016,KEYSPAN ENERGY DELIVERY - NY CITY,NY,40.63849,-73.947208,NATURAL GAS,113.47,
2018,KEYSPAN ENERGY DELIVERY - NY CITY,NY,40.7090818,-73.95123819,NATURAL GAS,247.2,
2018,KEYSPAN ENERGY DELIVERY - NY CITY,NY,40.727042,-73.953387,,0,
2019,KEYSPAN ENERGY DELIVERY - NY CITY,NY,40.712043,-73.968144,NATURAL GAS,1158,
2015,KEYSPAN ENERGY DELIVERY - NY CITY,NY,40.685314,-73.983327,NATURAL GAS,1084.47,
2018,KEYSPAN ENERGY DELIVERY - NY CITY,NY,40.5864732,-73.9868439,NATURAL GAS,35,
2017,KEYSPAN ENERGY DELIVERY - NY CITY,NY,40.741895,-73.989308,NATURAL GAS,250,
2020,KEYSPAN ENERGY DELIVERY - NY CITY,NY,40.612236,-73.993575,NATURAL GAS,21.5,
2013,KEYSPAN ENERGY DELIVERY - NY CITY,NY,40.634961,-74.028953,,0,
2014,KEYSPAN ENERGY DELIVERY - NY CITY,NY,40.595881,-74.102582,NATURAL GAS,0.05,
2017,KEYSPAN ENERGY DELIVERY - NY CITY,NY,40.6136543,-74.11528,NATURAL GAS,0.3,
2014,KEYSPAN ENERGY DELIVERY - NY CITY,NY,40.632374,-74.142818,,0,
2016,LACLEDE GAS CO,MO,38.629945,-90.194248,NATURAL GAS,1420,
2014,LACLEDE GAS CO,MO,38.60611,-90.20825,NATURAL GAS,17,
2010,LACLEDE GAS CO,MO,38.77112,-90.22929,NATURAL GAS,5747,
2011,LACLEDE GAS CO,MO,38.69176,-90.275,NATURAL GAS,140,
2011,LACLEDE GAS CO,MO,38.725169,-90.27523,NATURAL GAS,0.1,
2012,LACLEDE GAS CO,MO,38.654723,-90.281959,NATURAL GAS,1385,
2014,LACLEDE GAS CO,MO,38.440628,-90.30054,NATURAL GAS,41,
2017,LACLEDE GAS CO,MO,38.522463,-90.319661,NATURAL GAS,0.1,
2015,LACLEDE GAS CO,MO,38.469277,-90.348257,NATURAL GAS,251,
2010,LACLEDE GAS CO,MO,38.210025,-90.390337,NATURAL GAS,13,
2011,LACLEDE GAS CO,MO,38.636331,-90.530507,NATURAL GAS,87,
2016,LACLEDE GAS CO,MO,38.804261,-90.554903,NATURAL GAS,170.82,
2015,"LAFAYETTE GAS & UTILITIES DEPT, CITY OF",TN,36.532058,-89.058866,NATURAL GAS,488,
2011,LAS VEGAS NATURAL GAS SYSTEM,NM,35.593432,-105.212779,,1000,
2012,"LAWRENCEBURG GAS DEPT, CITY OF",TN,35.43983,-87.29021,,247,
2013,"LAWRENCEBURG GAS DEPT, CITY OF",TN,35.2742,-87.32719,NATURAL GAS,0.174,
2019,"LAWRENCEVILLE, CITY OF",GA,34.043235,-83.973394,NATURAL GAS,116,
2019,"LAWRENCEVILLE, CITY OF",GA,33.93537,-83.978842,NATURAL GAS,353.32,
2012,"LEBANON GAS DEPT, CITY OF",TN,36.197239,-86.319842,NATURAL GAS,1,
2017,LIBERTY ENERGY (GEORGIA) CORP D/B/A LIBERTY UTILITIES GEORGIA,GA,32.506237,-84.96249,NATURAL GAS,35.2,
2013,LIBERTY ENERGY (MID-STATES) CORP D/B/A LIBERTY UTILITIES - CENTRAL,IL,37.191143,-88.759725,NATURAL GAS,1.3,
2010,LOS ALAMOS COUNTY UTILITIES,NM,35.53268,-106.19313,NATURAL GAS,15000,
2010,LOUISVILLE GAS & ELECTRIC CO,KY,38.0964,-85.58459,NATURAL GAS,16.95,
2018,LOUISVILLE GAS & ELECTRIC CO,KY,38.215802,-85.5912,NATURAL GAS,0,
2010,LOUISVILLE GAS & ELECTRIC CO,KY,38.28953,-85.63128,NATURAL GAS,2.36,
2011,LOUISVILLE GAS & ELECTRIC CO,KY,38.10537,-85.66293,NATURAL GAS,26,
2017,MADISONVILLE GAS SYSTEM,LA,30.423614,-90.116869,NATURAL GAS,8,
2010,MARTIN GAS INC,KY,37.341508,-82.452554,NATURAL GAS,1000,
2014,MEMPHIS LIGHT GAS & WATER DIVISION,TN,35.02201,-89.84539,NATURAL GAS,60,
2011,MEMPHIS LIGHT GAS & WATER DIVISION,TN,35.10729,-89.97421,NATURAL GAS,26.2,
2016,METROPOLITAN UTILITIES DISTRICT,NE,41.255766,-95.930814,NATURAL GAS,50,
2018,METROPOLITAN UTILITIES DISTRICT,NE,41.115336,-95.954891,NATURAL GAS,4,
2012,METROPOLITAN UTILITIES DISTRICT,NE,41.218051,-95.968372,NATURAL GAS,,
2018,METROPOLITAN UTILITIES DISTRICT,NE,41.190709,-95.97409,NATURAL GAS,57.8,
2020,METROPOLITAN UTILITIES DISTRICT,NE,41.21095,-95.99487,NATURAL GAS,1.795,0
2010,METROPOLITAN UTILITIES DISTRICT,NE,41.212557,-95.997656,NATURAL GAS,2996,
2011,METROPOLITAN UTILITIES DISTRICT,NE,41.246044,-96.0143324,NATURAL GAS,,
2010,METROPOLITAN UTILITIES DISTRICT,NE,41.292013,-96.033921,NATURAL GAS,12582,
2018,METROPOLITAN UTILITIES DISTRICT,NE,41.289142,-96.22908,NATURAL GAS,7.97,
2010,METROPOLITAN UTILITIES DISTRICT,NE,41.20049,-96.24264,NATURAL GAS,9868,
2012,METROPOLITAN UTILITIES DISTRICT,NE,41.271642,-96.24395,NATURAL GAS,150,
2011,MICHIGAN CONSOLIDATED GAS CO (MICHCON),MI,42.407864,-82.91242,NATURAL GAS,,
2011,MICHIGAN CONSOLIDATED GAS CO (MICHCON),MI,42.2697,-83.1541,NATURAL GAS,,
2012,MICHIGAN CONSOLIDATED GAS CO (MICHCON),MI,42.39893,-83.25644,,1,
2011,MICHIGAN CONSOLIDATED GAS CO (MICHCON),MI,42.96297,-85.73494,NATURAL GAS,0,
2011,MICHIGAN CONSOLIDATED GAS CO (MICHCON),MI,43.22585,-86.23800001,NATURAL GAS,1,
2012,MICHIGAN CONSOLIDATED GAS CO (MICHCON),MI,43.26759,-86.36114,NATURAL GAS,35,
2019,MICHIGAN GAS UTILITIES CO,MI,43.075637,-86.202413,NATURAL GAS,1773,
2014,MID-CONTINENT MARKET CENTER,KS,37.5768,-97.2813,NATURAL GAS,115,
2015,MIDAMERICAN ENERGY COMPANY,IA,41.76875301,-93.45639186,NATURAL GAS,1.37,
2010,MIDAMERICAN ENERGY COMPANY,IA,42.43825,-96.36933,PROPANE GAS,38,
2020,MIDAMERICAN ENERGY COMPANY,SD,43.82347,-96.70168,NATURAL GAS,10.7,
2018,MIDDLE TENNESSEE NATURAL GAS UTIL DIST,TN,35.9194,-85.039,NATURAL GAS,2.86,
2010,MIDDLE TENNESSEE NATURAL GAS UTIL DIST,TN,36.04843,-85.25952,NATURAL GAS,2.6,
2019,MINNESOTA ENERGY RESOURCES CORPORATION,MN,44.06407,-92.48856,NATURAL GAS,0,
2015,MINNESOTA ENERGY RESOURCES CORPORATION,MN,44.722822,-93.1410609,NATURAL GAS,0.25,
2019,MINNESOTA ENERGY RESOURCES CORPORATION,MN,43.957957,-94.797298,NATURAL GAS,108,
2014,MISSOURI GAS ENERGY,MO,37.485431,-94.023752,NATURAL GAS,9193,
2015,MISSOURI GAS ENERGY,MO,37.098066,-94.476095,NATURAL GAS,5436,
2015,MISSOURI GAS ENERGY,MO,39.213154,-94.479094,NATURAL GAS,4471,
2015,MISSOURI GAS ENERGY,MO,39.08694,-94.51118,NATURAL GAS,13.3,
2014,MISSOURI GAS ENERGY,MO,38.816387,-94.512043,NATURAL GAS,5460,
2017,MISSOURI GAS ENERGY,MO,38.843024,-94.519512,NATURAL GAS,309.85,
2015,MISSOURI GAS ENERGY,MO,39.09483,-94.55277,NATURAL GAS,4066,
2014,MISSOURI GAS ENERGY,MO,39.0815362,-94.5759609,NATURAL GAS,5230,
2013,MISSOURI GAS ENERGY,MO,39.040734,-94.598063,NATURAL GAS,180,
2010,MOBILE GAS SERVICE CORP,AL,30.720014,-88.15109,NATURAL GAS,0.5,
2015,MONTANA - DAKOTA UTILITIES CO,SD,45.01106,-99.96047,NATURAL GAS,0.1,
2012,MONTANA - DAKOTA UTILITIES CO,ND,48.196065,-101.304379,NATURAL GAS,2.5,
2018,MONTANA - DAKOTA UTILITIES CO,SD,44.077564,-103.150081,NATURAL GAS,38.65,
2012,MONTANA - DAKOTA UTILITIES CO,SD,44.480445,-103.812254,NATURAL GAS,120,
2019,MONTANA - DAKOTA UTILITIES CO,MT,47.093572,-104.758935,NATURAL GAS,0.01,
2016,MONTANA - DAKOTA UTILITIES CO,WY,44.808694,-106.974187,NATURAL GAS,466.64,
2021,MONTANA - DAKOTA UTILITIES CO,MT,48.3929,-107.0867,NATURAL GAS,11437.5,2.1
2019,MONTANA - DAKOTA UTILITIES CO,MT,45.77285,-108.49718,NATURAL GAS,299.38,0
2011,MONTANA - DAKOTA UTILITIES CO,MT,45.801152,-108.551448,NATURAL GAS,,
2011,"MORGANFIELD GAS SYSTEM, CITY OF",KY,37.77259,-87.9343,NATURAL GAS,3.85,
2016,MOUNTAINEER GAS CO,WV,37.79479,-80.30133,,50,
2016,MOUNTAINEER GAS CO,WV,38.45693,-81.49815,,74,
2016,MOUNTAINEER GAS CO,WV,38.24229,-81.52948,NATURAL GAS,0,
IYEAR,NAME,LOCATION_STATE_ABBREVIATION,LOCATION_LATITUDE,LOCATION_LONGITUDE,COMMODITY_RELEASED_TYPE,UNINTENTIONAL_RELEASE,INTENTIONAL_RELEASE
2019,NATIONAL FUEL GAS DISTRIBUTION CORP,PA,41.51014,-79.69914,NATURAL GAS,991,
2020,NATIONAL FUEL GAS DISTRIBUTION CORP,PA,42.10411,-80.100425,NATURAL GAS,285,
2016,NATIONAL FUEL GAS DISTRIBUTION CORP,PA,42.62146,-80.3256,NATURAL GAS,68.9,
2019,NATIONAL FUEL GAS DISTRIBUTION CORP - NEW YORK,NY,42.90156,-77.41969,NATURAL GAS,46,
2012,NATIONAL FUEL GAS DISTRIBUTION CORP - NEW YORK,NY,42.26288,-77.78879,NATURAL GAS,1.5,
2015,NATIONAL FUEL GAS DISTRIBUTION CORP - NEW YORK,NY,42.90061,-78.66199,NATURAL GAS,2.88,
2014,NATIONAL FUEL GAS DISTRIBUTION CORP - NEW YORK,NY,42.158912,-79.391295,NATURAL GAS,129.2,
2013,NATIONAL FUEL GAS DISTRIBUTION CORP - NEW YORK,NY,42.260076,-79.710279,NATURAL GAS,19.6,
2012,NATIONAL GAS & OIL CORP,OH,40.114943,-82.437077,NATURAL GAS,,
2014,NATIONAL GAS & OIL CORP,OH,40.06565,-82.46498,NATURAL GAS,7.01,
2015,NEW HAMPSHIRE GAS CORP,NH,42.9336,-72.2781,,3.6,
2018,NEW JERSEY NATURAL GAS CO,NJ,40.31906,-74.0379,NATURAL GAS,68,
2021,NEW JERSEY NATURAL GAS CO,NJ,40.156496,-74.099283,NATURAL GAS,540,20
2016,NEW JERSEY NATURAL GAS CO,NJ,40.416981,-74.123134,NATURAL GAS,0.01,
2018,NEW JERSEY NATURAL GAS CO,NJ,40.091926,-74.219957,NATURAL GAS,133,
2019,NEW JERSEY NATURAL GAS CO,NJ,39.977699,-74.261813,,10.64,
2015,NEW JERSEY NATURAL GAS CO,NJ,39.685893,-74.269918,NATURAL GAS,456,
2019,NEW JERSEY NATURAL GAS CO,NJ,40.0162101,-74.3101675,NATURAL GAS,12.8,
2019,NEW MEXICO GAS COMPANY,NM,33.459478,-104.506227,NATURAL GAS,1,0
2012,NEW MEXICO GAS COMPANY,NM,35.71412,-105.944521,NATURAL GAS,144,
2016,NEW MEXICO GAS COMPANY,NM,35.17246,-106.559818,NATURAL GAS,385,
2014,NEW MEXICO GAS COMPANY,NM,35.298215,-106.590738,NATURAL GAS,0.296,
2021,NEW MEXICO GAS COMPANY,NM,35.095437,-106.614959,NATURAL GAS,1,0
2010,NEW MEXICO GAS COMPANY,NM,35.179613,-106.682288,NATURAL GAS,653,
2018,NEW MEXICO GAS COMPANY,NM,35.17504,-107.815644,NATURAL GAS,138.5,
2011,NEW MEXICO GAS COMPANY,NM,36.71125,-107.99254,NATURAL GAS,691,
2010,NEW MEXICO GAS COMPANY,NM,36.7435,-108.3338,NATURAL GAS,5625,
2010,NEW ULM PUBLIC UTILITIES COMMISSION,MN,44.2901,-94.4397,NATURAL GAS,70,
2011,NEW ULM PUBLIC UTILITIES COMMISSION,MN,44.29011,-94.43977,NATURAL GAS,90,
2021,NEW YORK STATE ELECTRIC & GAS CORP,NY,42.47862,-75.54291,NATURAL GAS,473,0
2011,NEW YORK STATE ELECTRIC & GAS CORP,NY,42.0986111,-75.9183333,NATURAL GAS,,
2011,NEW YORK STATE ELECTRIC & GAS CORP,NY,42.912954,-76.4932571,NATURAL GAS,3,
2017,NIAGARA MOHAWK POWER CORP,RI,41.7305439,-71.2852426,NATURAL GAS,1369,
2015,NIAGARA MOHAWK POWER CORP,RI,42.845262,-71.392025,NATURAL GAS,23.11,
2017,NIAGARA MOHAWK POWER CORP,RI,41.813932,-71.406001,NATURAL GAS,19000,
2017,NIAGARA MOHAWK POWER CORP,RI,41.6997572,-71.4669849,NATURAL GAS,24.3,
2013,NIAGARA MOHAWK POWER CORP,RI,41.896209,-71.520863,NATURAL GAS,945.8,
2018,NIAGARA MOHAWK POWER CORP,NY,40.6732956,-73.5181833,NATURAL GAS,63.5,
2019,NIAGARA MOHAWK POWER CORP,NY,42.747073,-73.681105,NATURAL GAS,800,
2011,NIAGARA MOHAWK POWER CORP,NY,42.679202,-73.846482,NATURAL GAS,7495,
2012,NIAGARA MOHAWK POWER CORP,NY,42.8303,-73.91655,NATURAL GAS,,
2014,NIAGARA MOHAWK POWER CORP,NY,42.8079,-73.93872,NATURAL GAS,5,
2011,NIAGARA MOHAWK POWER CORP,NY,42.87703,-74.04329,NATURAL GAS,0,
2018,NIAGARA MOHAWK POWER CORP,NY,43.0955314,-75.1975277,NATURAL GAS,4863,
2021,NIAGARA MOHAWK POWER CORP,NY,43.80773,-76.0193,NATURAL GAS,22.4,0
2011,NIAGARA MOHAWK POWER CORP,NY,43.32491,-76.41104,NATURAL GAS,10,
2019,NIAGARA MOHAWK POWER CORP,NY,43.453624,-76.533052,NATURAL GAS,3650,
2021,NORTH SHORE GAS CO,IL,42.350075,-87.836078,NATURAL GAS,237,0
2014,NORTH SHORE GAS CO,IL,42.208528,-88.002067,NATURAL GAS,106.69,
2020,NORTHEAST OHIO NATURAL GAS CORP,OH,41.283554,-80.527737,NATURAL GAS,97,
2019,NORTHEAST OHIO NATURAL GAS CORP,OH,40.9164844,-81.7632056,NATURAL GAS,683.8,
2011,NORTHERN ILLINOIS GAS CO,IL,41.4906679,-87.6709175,NATURAL GAS,23.96,
2010,NORTHERN ILLINOIS GAS CO,IL,41.85975,-87.744903,NATURAL GAS,1,
2021,NORTHERN ILLINOIS GAS CO,IL,41.83222459,-87.79326145,NATURAL GAS,82,0
2016,NORTHERN ILLINOIS GAS CO,IL,42.05839,-87.866109,NATURAL GAS,22.3,
2010,NORTHERN ILLINOIS GAS CO,IL,41.940448,-87.885422,NATURAL GAS,215.65,
2010,NORTHERN ILLINOIS GAS CO,IL,42.03668,-87.94307,NATURAL GAS,1,
2016,NORTHERN ILLINOIS GAS CO,IL,41.630913,-87.950473,NATURAL GAS,13585.8,
2013,NORTHERN ILLINOIS GAS CO,IL,42.352282,-88.066404,NATURAL GAS,1,
2016,NORTHERN ILLINOIS GAS CO,IL,41.620039,-88.129629,NATURAL GAS,566,
2018,NORTHERN ILLINOIS GAS CO,IL,42.310703,-88.14511,NATURAL GAS,2518,
2017,NORTHERN ILLINOIS GAS CO,IL,41.817045,-88.205295,NATURAL GAS,2549,
2021,NORTHERN ILLINOIS GAS CO,IL,41.515507,-88.23533,NATURAL GAS,25.2,0
2010,NORTHERN ILLINOIS GAS CO,IL,42.06137,-88.26303,NATURAL GAS,160,
2019,NORTHERN ILLINOIS GAS CO,IL,42.010326,-88.267074,NATURAL GAS,5.9,
2013,NORTHERN ILLINOIS GAS CO,IL,42.024798,-88.271677,NATURAL GAS,1,
2011,NORTHERN ILLINOIS GAS CO,IL,41.9163798,-88.3167764,NATURAL GAS,10,
2010,NORTHERN ILLINOIS GAS CO,IL,41.644834,-88.612042,NATURAL GAS,28.7,
2014,NORTHERN ILLINOIS GAS CO,IL,41.967313,-88.730729,NATURAL GAS,0.1,
2020,NORTHERN ILLINOIS GAS CO,IL,40.646379,-88.774788,NATURAL GAS,11.9,
2020,NORTHERN ILLINOIS GAS CO,IL,41.04610177,-88.87215095,NATURAL GAS,1312.3,2.58
2010,NORTHERN ILLINOIS GAS CO,IL,41.5831655,-88.9080725,NATURAL GAS,,
2019,NORTHERN ILLINOIS GAS CO,IL,39.700831,-91.153452,NATURAL GAS,244,
2020,NORTHERN INDIANA PUBLIC SERVICE CO,IN,40.996875,-85.145068,NATURAL GAS,21.57,
2021,NORTHERN INDIANA PUBLIC SERVICE CO,IN,41.16583,-85.49206,NATURAL GAS,47.92,0
2020,NORTHERN INDIANA PUBLIC SERVICE CO,IN,41.588735,-85.848918,NATURAL GAS,9983.75,0
2010,NORTHERN INDIANA PUBLIC SERVICE CO,IN,41.67507,-86.25078,NATURAL GAS,,
2010,NORTHERN INDIANA PUBLIC SERVICE CO,IN,41.72931,-86.27531,NATURAL GAS,310,
2012,NORTHERN INDIANA PUBLIC SERVICE CO,IN,40.7016,-86.8714,NATURAL GAS,2275,
2020,NORTHERN INDIANA PUBLIC SERVICE CO,IN,41.6371981,-87.1205648,NATURAL GAS,1497.8,
2014,NORTHERN INDIANA PUBLIC SERVICE CO,IN,41.582431,-87.173083,NATURAL GAS,12,
2018,NORTHERN INDIANA PUBLIC SERVICE CO,IN,41.57965,-87.23865,NATURAL GAS,0.01,
2013,NORTHERN INDIANA PUBLIC SERVICE CO,IN,41.605892,-87.337194,NATURAL GAS,10150,
2016,NORTHERN INDIANA PUBLIC SERVICE CO,IN,41.555628,-87.370272,NATURAL GAS,2940,
2020,NORTHERN STATES POWER CO OF MINNESOTA,MN,44.57308,-92.59186,NATURAL GAS,0,0
2020,NORTHERN STATES POWER CO OF MINNESOTA,MN,44.920019,-92.944151,NATURAL GAS,1405,
2014,NORTHERN STATES POWER CO OF MINNESOTA,MN,45.04689,-93.05544,NATURAL GAS,130,
2020,NORTHERN STATES POWER CO OF MINNESOTA,MN,44.903122,-93.130992,NATURAL GAS,298,0
2011,NORTHERN STATES POWER CO OF MINNESOTA,MN,44.95584,-93.16957,NATURAL GAS,1681,
2010,NORTHERN STATES POWER CO OF MINNESOTA,MN,44.9096,-93.1852,NATURAL GAS,20,
2012,NORTHERN STATES POWER CO OF MINNESOTA,MN,44.725788,-93.556488,NATURAL GAS,48,
2019,NORTHERN STATES POWER CO OF MINNESOTA,MN,46.85863,-96.76805,NATURAL GAS,3852,
2019,NORTHERN STATES POWER CO OF MINNESOTA,ND,46.80183,-96.80138,NATURAL GAS,7,
2011,NORTHERN STATES POWER CO OF WISCONSIN,WI,46.569211,-90.917795,NATURAL GAS,8,
2015,"NORTHERN UTILITIES, INC. (NH)",NH,42.93507,-70.82003,NATURAL GAS,1.44,
2019,NORTHWEST ALABAMA GAS DISTRICT,AL,33.90801,-88.00915,NATURAL GAS,1454,
2013,NORTHWEST GAS,MN,47.33157,-94.60835,NATURAL GAS,280,
2010,NORTHWEST NATURAL GAS CO,WA,45.66203267,-122.6356286,NATURAL GAS,5,
2016,NORTHWEST NATURAL GAS CO,OR,45.526403,-122.698367,NATURAL GAS,52,
2012,NORTHWEST NATURAL GAS CO,OR,44.00571201,-122.9104377,NATURAL GAS,367,
2011,NORTHWEST NATURAL GAS CO,OR,45.51289039,-122.9770225,,0,
2017,NORTHWEST NATURAL GAS CO,OR,45.04997,-123.5014,NATURAL GAS,272,
2017,NORTHWESTERN CORPORATION,NE,40.900325,-98.339731,NATURAL GAS,11.29,
2018,NORTHWESTERN CORPORATION,SD,45.470957,-98.490929,NATURAL GAS,5,
2018,NORTHWESTERN CORPORATION,MT,46.0052,-112.5157,NATURAL GAS,5853,
2014,NORTHWESTERN ENERGY LLC,MT,45.410759,-111.013908,NATURAL GAS,,
2010,NORTHWESTERN ENERGY LLC,MT,48.36786,-114.18395,NATURAL GAS,13,
2010,NSTAR GAS COMPANY,MA,42.24113,-71.13693,NATURAL GAS,4,
2012,NSTAR GAS COMPANY,MA,42.34731,-71.54964,NATURAL GAS,1,
2013,NSTAR GAS COMPANY,MA,42.325644,-71.716733,NATURAL GAS,550,
2011,NV ENERGY,NV,39.64268,-119.73048,NATURAL GAS,0,
2017,NV ENERGY,NV,39.489406,-119.753343,NATURAL GAS,35,
2010,NV ENERGY,NV,39.43855,-119.757737,NATURAL GAS,14,
2018,NV ENERGY,NV,39.534873,-119.804895,NATURAL GAS,54,
2019,NV ENERGY,NV,39.543774,-119.876894,NATURAL GAS,5,
2015,OHIO VALLEY GAS CORP,IN,37.984481,-86.711864,NATURAL GAS,67.3,
2020,OKALOOSA COUNTY GAS DISTRICT,FL,30.7500017,-86.481265,NATURAL GAS,3.6,
2013,OKLAHOMA NATURAL GAS CO,OK,36.052497,-95.965218,NATURAL GAS,9.54,
2011,OKLAHOMA NATURAL GAS CO,OK,35.24256,-96.24546,NATURAL GAS,15,
2010,OKLAHOMA NATURAL GAS CO,OK,35.45715,-97.523294,NATURAL GAS,4711,
2013,OKLAHOMA NATURAL GAS CO,OK,35.374107,-97.556865,NATURAL GAS,218,
2015,"OKLAHOMA NATURAL GAS COMPANY, A DIVISION OF ONE GAS, INC.",OK,36.086333,-95.761478,NATURAL GAS,2536.79,
2020,"OKLAHOMA NATURAL GAS COMPANY, A DIVISION OF ONE GAS, INC.",OK,36.14814,-95.87196,NATURAL GAS,85162,
2018,"OKLAHOMA NATURAL GAS COMPANY, A DIVISION OF ONE GAS, INC.",OK,36.08204,-96.03574,NATURAL GAS,43.09,
2019,"OKLAHOMA NATURAL GAS COMPANY, A DIVISION OF ONE GAS, INC.",OK,36.13286,-96.04744,NATURAL GAS,33,
2018,"OKLAHOMA NATURAL GAS COMPANY, A DIVISION OF ONE GAS, INC.",OK,36.1176,-96.11907,NATURAL GAS,5292,
2020,"OKLAHOMA NATURAL GAS COMPANY, A DIVISION OF ONE GAS, INC.",OK,36.161536,-96.226041,NATURAL GAS,193.64,
2019,"OKLAHOMA NATURAL GAS COMPANY, A DIVISION OF ONE GAS, INC.",OK,36.7331,-97.04424,NATURAL GAS,0,
2015,"OKLAHOMA NATURAL GAS COMPANY, A DIVISION OF ONE GAS, INC.",OK,35.4359,-97.33745,NATURAL GAS,11,
2020,"OKLAHOMA NATURAL GAS COMPANY, A DIVISION OF ONE GAS, INC.",OK,35.44681,-97.54797,NATURAL GAS,1673.43,
2014,"OKLAHOMA NATURAL GAS COMPANY, A DIVISION OF ONE GAS, INC.",OK,35.498425,-97.636646,NATURAL GAS,28.62,
2016,"OKLAHOMA NATURAL GAS COMPANY, A DIVISION OF ONE GAS, INC.",OK,35.596363,-97.646919,NATURAL GAS,75.4,
2019,"OKLAHOMA NATURAL GAS COMPANY, A DIVISION OF ONE GAS, INC.",OK,35.14693,-97.6528,NATURAL GAS,62,
2017,"ONEOK GAS TRANSPORTATION, LLC",OK,35.61239,-95.5809,NATURAL GAS,4441,
2012,ORANGE & ROCKLAND UTILITY INC,NY,41.090652,-73.917915,NATURAL GAS,31,
2013,ORANGE & ROCKLAND UTILITY INC,NY,41.087078,-73.931658,NATURAL GAS,0.1,
2012,ORANGE & ROCKLAND UTILITY INC,NY,41.205345,-73.980909,NATURAL GAS,96,
2018,ORANGE & ROCKLAND UTILITY INC,NY,41.2407615,-73.986778,NATURAL GAS,7.8,
2019,PACIFIC GAS & ELECTRIC CO,CA,35.620212,-117.811741,NATURAL GAS,1,
2013,PACIFIC GAS & ELECTRIC CO,CA,35.40481,-118.99131,NATURAL GAS,,
2010,PACIFIC GAS & ELECTRIC CO,CA,35.13179,-119.45341,NATURAL GAS,10,
2013,PACIFIC GAS & ELECTRIC CO,CA,36.809411,-119.76611,NATURAL GAS,1690,
2016,PACIFIC GAS & ELECTRIC CO,CA,36.7943684,-119.86177,NATURAL GAS,329,
2014,PACIFIC GAS & ELECTRIC CO,CA,37.297058,-120.452655,NATURAL GAS,127,
2014,PACIFIC GAS & ELECTRIC CO,CA,37.315744,-120.476306,NATURAL GAS,92.34,
2012,PACIFIC GAS & ELECTRIC CO,CA,37.76461,-120.83821,NATURAL GAS,1,
2013,PACIFIC GAS & ELECTRIC CO,CA,37.41031,-120.85351,NATURAL GAS,30,
2016,PACIFIC GAS & ELECTRIC CO,CA,37.07272,-120.86202,NATURAL GAS,1500,
2011,PACIFIC GAS & ELECTRIC CO,CA,37.6659,-120.9157,NATURAL GAS,,
2010,PACIFIC GAS & ELECTRIC CO,CA,37.6375,-120.9416,NATURAL GAS,10,
2013,PACIFIC GAS & ELECTRIC CO,CA,38.687976,-121.061657,NATURAL GAS,,
2014,PACIFIC GAS & ELECTRIC CO,CA,36.2065424,-121.134979,NATURAL GAS,102.17,
2017,PACIFIC GAS & ELECTRIC CO,CA,38.664614,-121.13603,NATURAL GAS,40,
2010,PACIFIC GAS & ELECTRIC CO,CA,37.93188,-121.26133,NATURAL GAS,10,
2017,PACIFIC GAS & ELECTRIC CO,CA,37.6672,-121.2787,NATURAL GAS,357,
2010,PACIFIC GAS & ELECTRIC CO,CA,38.7521235,-121.2880059,NATURAL GAS,,
2012,PACIFIC GAS & ELECTRIC CO,CA,38.74721,-121.29941,NATURAL GAS,0.01,
2015,PACIFIC GAS & ELECTRIC CO,CA,37.983035,-121.299697,NATURAL GAS,300,
2010,PACIFIC GAS & ELECTRIC CO,CA,37.92844,-121.30614,NATURAL GAS,10,
2021,PACIFIC GAS & ELECTRIC CO,CA,38.64508,-121.30848,NATURAL GAS,531,0
2018,PACIFIC GAS & ELECTRIC CO,CA,38.785644,-121.318716,NATURAL GAS,837,
2017,PACIFIC GAS & ELECTRIC CO,CA,38.190379,-121.321087,NATURAL GAS,4900,
2015,PACIFIC GAS & ELECTRIC CO,CA,38.0250737,-121.3456191,NATURAL GAS,30,
2015,PACIFIC GAS & ELECTRIC CO,CA,38.48179267,-121.3673103,NATURAL GAS,293,
2016,PACIFIC GAS & ELECTRIC CO,CA,38.4818111,-121.368765,NATURAL GAS,330.16,
2010,PACIFIC GAS & ELECTRIC CO,CA,38.5373,-121.4608,NATURAL GAS,10,
2010,PACIFIC GAS & ELECTRIC CO,CA,38.52971,-121.46589,NATURAL GAS,4.6,
2015,PACIFIC GAS & ELECTRIC CO,CA,38.55578319,-121.4873185,NATURAL GAS,427.53,
2018,PACIFIC GAS & ELECTRIC CO,CA,39.778656,-121.576107,NATURAL GAS,1224,
2012,PACIFIC GAS & ELECTRIC CO,CA,36.6842,-121.6618,NATURAL GAS,,
2017,PACIFIC GAS & ELECTRIC CO,CA,39.09511,-121.67211,NATURAL GAS,531,
2012,PACIFIC GAS & ELECTRIC CO,CA,37.72221,-121.74511,NATURAL GAS,,
2014,PACIFIC GAS & ELECTRIC CO,CA,37.338551,-121.786256,NATURAL GAS,67.5,
2015,PACIFIC GAS & ELECTRIC CO,CA,37.3264805,-121.8183325,NATURAL GAS,240.27,
2013,PACIFIC GAS & ELECTRIC CO,CA,37.37821,-121.83101,NATURAL GAS,820,
2010,PACIFIC GAS & ELECTRIC CO,CA,37.9959,-121.8391,NATURAL GAS,,
2016,PACIFIC GAS & ELECTRIC CO,CA,37.36045,-121.83937,NATURAL GAS,1500,
2013,PACIFIC GAS & ELECTRIC CO,CA,37.271008,-121.848892,NATURAL GAS,,
2014,PACIFIC GAS & ELECTRIC CO,CA,37.9872528,-121.852895,NATURAL GAS,3.59,
2014,PACIFIC GAS & ELECTRIC CO,CA,37.334882,-121.892209,NATURAL GAS,1228,
2014,PACIFIC GAS & ELECTRIC CO,CA,37.379565,-121.899979,NATURAL GAS,3251,
2016,PACIFIC GAS & ELECTRIC CO,CA,37.325732,-121.913024,NATURAL GAS,1330,
2014,PACIFIC GAS & ELECTRIC CO,CA,36.559244,-121.916774,NATURAL GAS,,
2018,PACIFIC GAS & ELECTRIC CO,CA,37.331404,-121.937411,NATURAL GAS,459.08,
2017,PACIFIC GAS & ELECTRIC CO,CA,37.47661389,-121.9383551,NATURAL GAS,1000,
2014,PACIFIC GAS & ELECTRIC CO,CA,37.299287,-121.956275,NATURAL GAS,25.91,
2015,PACIFIC GAS & ELECTRIC CO,CA,37.3602052,-121.9963574,NATURAL GAS,100,
2012,PACIFIC GAS & ELECTRIC CO,CA,37.29691,-122.00521,NATURAL GAS,,
2017,PACIFIC GAS & ELECTRIC CO,CA,38.025655,-122.028485,NATURAL GAS,340,
2011,PACIFIC GAS & ELECTRIC CO,CA,37.33701,-122.02891,NATURAL GAS,120,
2015,PACIFIC GAS & ELECTRIC CO,CA,37.59002,-122.032807,NATURAL GAS,0.5,
2014,PACIFIC GAS & ELECTRIC CO,CA,37.908733,-122.097246,NATURAL GAS,77.99,
2017,PACIFIC GAS & ELECTRIC CO,CA,39.724889,-122.104321,NATURAL GAS,179,
2016,PACIFIC GAS & ELECTRIC CO,CA,37.860282,-122.124958,NATURAL GAS,5200,
2013,PACIFIC GAS & ELECTRIC CO,CA,37.77151,-122.13561,NATURAL GAS,97.25,
2010,PACIFIC GAS & ELECTRIC CO,CA,37.36941,-122.14601,NATURAL GAS,27,
2010,PACIFIC GAS & ELECTRIC CO,CA,40.0709,-122.1624,NATURAL GAS,100,
2014,PACIFIC GAS & ELECTRIC CO,CA,37.76591,-122.21141,NATURAL GAS,365,
2016,PACIFIC GAS & ELECTRIC CO,CA,37.8297311,-122.2217097,NATURAL GAS,0,
2017,PACIFIC GAS & ELECTRIC CO,CA,38.077466,-122.233758,NATURAL GAS,4401,
2018,PACIFIC GAS & ELECTRIC CO,CA,37.869219,-122.248805,NATURAL GAS,83.67,
2013,PACIFIC GAS & ELECTRIC CO,CA,37.8755,-122.2737,NATURAL GAS,,
2010,PACIFIC GAS & ELECTRIC CO,CA,40.38601,-122.27781,NATURAL GAS,25,
2017,PACIFIC GAS & ELECTRIC CO,CA,40.491176,-122.295546,NATURAL GAS,2618,
2014,PACIFIC GAS & ELECTRIC CO,CA,38.1762914,-122.3025574,,,
2010,PACIFIC GAS & ELECTRIC CO,CA,40.45291,-122.30559,NATURAL GAS,10,
2012,PACIFIC GAS & ELECTRIC CO,CA,37.54541,-122.36571,NATURAL GAS,872,
2018,PACIFIC GAS & ELECTRIC CO,CA,37.613331,-122.392387,NATURAL GAS,531,
2012,PACIFIC GAS & ELECTRIC CO,CA,37.72621,-122.40301,NATURAL GAS,,
2015,PACIFIC GAS & ELECTRIC CO,CA,37.6322916,-122.4183799,NATURAL GAS,27,
2017,PACIFIC GAS & ELECTRIC CO,CA,37.734279,-122.425643,NATURAL GAS,525,
2018,PACIFIC GAS & ELECTRIC CO,CA,40.57992,-122.427875,NATURAL GAS,740,
2014,PACIFIC GAS & ELECTRIC CO,CA,37.758036,-122.445381,NATURAL GAS,57,
2019,PACIFIC GAS & ELECTRIC CO,CA,37.781899,-122.454401,NATURAL GAS,1924,
2016,PACIFIC GAS & ELECTRIC CO,CA,38.54835,-122.47375,NATURAL GAS,100,
2017,PACIFIC GAS & ELECTRIC CO,CA,38.426845,-122.551837,NATURAL GAS,376,
2018,PACIFIC GAS & ELECTRIC CO,CA,38.120566,-122.579743,NATURAL GAS,1330,
2010,PACIFIC GAS & ELECTRIC CO,CA,40.7732,-124.1528,NATURAL GAS,102,
2013,PALATKA GAS AUTH,FL,29.656481,-81.644806,NATURAL GAS,18,
2016,PECO ENERGY CO,PA,40.26187,-75.086326,NATURAL GAS,8560,
2020,PECO ENERGY CO,PA,40.1212107,-75.307121,NATURAL GAS,71,
2013,PECO ENERGY CO,PA,40.03211,-75.32882,NATURAL GAS,180,
2010,PECO ENERGY CO,PA,39.99159,-75.38002,NATURAL GAS,27.41,
2011,PECO ENERGY CO,PA,39.854736,-75.391891,NATURAL GAS,0.01,
2014,PECO ENERGY CO,PA,39.98106,-75.81461,NATURAL GAS,1,
2014,PEOPLES GAS LIGHT & COKE CO,IL,41.749864,-87.568608,NATURAL GAS,1756,
2010,PEOPLES GAS LIGHT & COKE CO,IL,41.87809,-87.63693,OTHER GAS,,
2010,PEOPLES GAS LIGHT & COKE CO,IL,41.670832,-87.654722,NATURAL GAS,1.3,
2014,PEOPLES GAS LIGHT & COKE CO,IL,41.698583,-87.676177,NATURAL GAS,110,
2018,PEOPLES GAS LIGHT & COKE CO,IL,41.918146,-87.689201,NATURAL GAS,75.9,
2017,PEOPLES GAS LIGHT & COKE CO,IL,41.711483,-87.7139,NATURAL GAS,51,
2011,PEOPLES GAS LIGHT & COKE CO,IL,41.77141,-87.74121,NATURAL GAS,38.97,
2019,PEOPLES GAS SYSTEM INC,FL,25.8025931,-80.1265346,NATURAL GAS,0,
2019,PEOPLES GAS SYSTEM INC,FL,26.2459503,-80.2533146,NATURAL GAS,635,
2019,PEOPLES GAS SYSTEM INC,FL,28.6616313,-81.3989182,NATURAL GAS,931,
2019,PEOPLES GAS SYSTEM INC,FL,28.4249337,-81.6198238,NATURAL GAS,112,
2016,PEOPLES GAS SYSTEM INC,FL,26.325352,-81.762512,NATURAL GAS,310.6,
2017,PEOPLES GAS SYSTEM INC,FL,26.429885,-81.779997,NATURAL GAS,9.5,
2019,PEOPLES GAS SYSTEM INC,FL,26.5001998,-81.8541729,NATURAL GAS,5226,
2020,PEOPLES GAS SYSTEM INC,FL,29.2126156,-82.0860112,NATURAL GAS,80.53,
2020,PEOPLES GAS SYSTEM INC,FL,27.96178,-82.461629,NATURAL GAS,124,
2016,PEOPLES GAS SYSTEM INC,FL,27.172346,-82.479968,NATURAL GAS,10,
2020,PEOPLES GAS SYSTEM INC,FL,27.4737805,-82.5704721,NATURAL GAS,224,0
2013,PEOPLES NATURAL GAS COMPANY LLC,PA,40.482119,-78.424708,NATURAL GAS,12538,
2013,PEOPLES NATURAL GAS COMPANY LLC,PA,40.476659,-78.435917,,,
2020,PEOPLES NATURAL GAS COMPANY LLC,PA,40.399493,-79.145934,NATURAL GAS,0,0
2013,PEOPLES NATURAL GAS COMPANY LLC,PA,40.436247,-79.253229,NATURAL GAS,23,
2016,PEOPLES NATURAL GAS COMPANY LLC,PA,40.41304,-79.84341,NATURAL GAS,1,
2015,PEOPLES NATURAL GAS COMPANY LLC,PA,40.399639,-79.858406,NATURAL GAS,1,
2021,PEOPLES NATURAL GAS COMPANY LLC,PA,40.455345,-79.97899,NATURAL GAS,918.2,0
2017,PEOPLES NATURAL GAS COMPANY LLC,PA,40.51139,-80.22867,NATURAL GAS,21.9,
2019,PEOPLES NATURAL GAS COMPANY LLC,PA,40.548839,-80.245529,NATURAL GAS,113,
2011,PHILADELPHIA GAS WORKS,PA,40.026622,-75.042423,NATURAL GAS,2923,
2019,PHILADELPHIA GAS WORKS,PA,39.93077,-75.157868,NATURAL GAS,10,
2014,PHILADELPHIA GAS WORKS,PA,39.92752,-75.17276,NATURAL GAS,5229,
2017,PHILADELPHIA GAS WORKS,PA,40.06891,-75.175333,NATURAL GAS,0.06,
2015,PHILADELPHIA GAS WORKS,PA,40.072335,-75.19776,NATURAL GAS,4,
2016,PHILADELPHIA GAS WORKS,PA,39.9460732,-75.2189365,OTHER GAS,18,
2021,PIEDMONT NATURAL GAS CO INC,NC,35.5571,-77.597708,NATURAL GAS,1345,0
2020,PIEDMONT NATURAL GAS CO INC,NC,34.551563,-77.925285,NATURAL GAS,812,
2019,PIEDMONT NATURAL GAS CO INC,NC,36.352845,-79.697152,NATURAL GAS,3.16,
2016,PIEDMONT NATURAL GAS CO INC,NC,36.2618845,-79.8553128,NATURAL GAS,7.5,
2017,PIEDMONT NATURAL GAS CO INC,NC,36.03787,-80.33379,NATURAL GAS,90.9,
2020,PIEDMONT NATURAL GAS CO INC,NC,35.236768,-80.829397,NATURAL GAS,4870,
2018,PIEDMONT NATURAL GAS CO INC,NC,35.261048,-80.841056,NATURAL GAS,182.2,
2020,PIEDMONT NATURAL GAS CO INC,NC,35.26942143,-80.84736417,NATURAL GAS,0.01,
2020,PIEDMONT NATURAL GAS CO INC,NC,35.228647,-80.915775,NATURAL GAS,7.83,0
2020,PIEDMONT NATURAL GAS CO INC,SC,35.068473,-81.648205,NATURAL GAS,13.49,
2018,PIEDMONT NATURAL GAS CO INC,SC,34.865142,-82.307992,NATURAL GAS,0.01,
2019,PIEDMONT NATURAL GAS CO INC,SC,34.920003,-82.445493,NATURAL GAS,1788,
2013,PIEDMONT NATURAL GAS CO INC,TN,36.469147,-86.651952,NATURAL GAS,14,
2019,"PONTOTOC, CITY OF",MS,34.25578635,-88.97626144,NATURAL GAS,0,
2015,POWELL CLINCH UTIL DIST,TN,36.042,-84.26687,NATURAL GAS,80,
2011,PUBLIC SERVICE CO OF COLORADO,CO,38.22929,-104.62515,NATURAL GAS,4.77,
2015,PUBLIC SERVICE CO OF COLORADO,CO,39.501151,-104.718929,NATURAL GAS,15,
2018,PUBLIC SERVICE CO OF COLORADO,CO,39.66669,-104.8264,NATURAL GAS,6,
2014,PUBLIC SERVICE CO OF COLORADO,CO,39.83037,-104.92417,NATURAL GAS,3,
2017,PUBLIC SERVICE CO OF COLORADO,CO,39.822591,-104.924223,NATURAL GAS,1,
2011,PUBLIC SERVICE CO OF COLORADO,CO,39.70728,-105.0007,NATURAL GAS,25555,
2010,PUBLIC SERVICE CO OF COLORADO,CO,39.72825,-105.03351,NATURAL GAS,10,
2011,PUBLIC SERVICE CO OF COLORADO,CO,39.7,-105.103,NATURAL GAS,348.1,
2013,PUBLIC SERVICE CO OF COLORADO,CO,39.77971,-105.11002,NATURAL GAS,3700,
2013,PUBLIC SERVICE CO OF COLORADO,CO,40.05111,-105.22583,NATURAL GAS,,
2019,PUBLIC SERVICE CO OF COLORADO,CO,39.69741,-105.25469,NATURAL GAS,47,
2016,PUBLIC SERVICE CO OF COLORADO,CO,39.89194,-105.76639,NATURAL GAS,1,
2019,PUBLIC SERVICE CO OF COLORADO,CO,39.48781,-106.04119,NATURAL GAS,30,
2018,PUBLIC SERVICE CO OF COLORADO,CO,38.52153,-106.10621,NATURAL GAS,85,
2017,PUBLIC SERVICE CO OF COLORADO,CO,39.221466,-106.349158,NATURAL GAS,10,
2013,PUBLIC SERVICE CO OF COLORADO,CO,39.0836,-108.56056,NATURAL GAS,34,
2018,PUBLIC SERVICE CO OF NORTH CAROLINA,NC,35.09698,-78.08936,NATURAL GAS,2424,
2019,PUBLIC SERVICE CO OF NORTH CAROLINA,NC,35.59599,-78.54286,NATURAL GAS,36,
2020,PUBLIC SERVICE CO OF NORTH CAROLINA,NC,35.7995286,-78.6303226,NATURAL GAS,13.8,
2019,PUBLIC SERVICE CO OF NORTH CAROLINA,NC,35.98396,-78.89859,NATURAL GAS,6,
2020,PUBLIC SERVICE CO OF NORTH CAROLINA,NC,35.908167,-78.960356,NATURAL GAS,3484.68,
2011,PUBLIC SERVICE CO OF NORTH CAROLINA,NC,35.96392859,-79.0491377,NATURAL GAS,0.1,
2020,PUBLIC SERVICE CO OF NORTH CAROLINA,NC,35.3476,-80.56077,NATURAL GAS,156,
2011,PUBLIC SERVICE CO OF NORTH CAROLINA,NC,35.26549,-80.59923,NATURAL GAS,35.8,
2019,PUBLIC SERVICE CO OF NORTH CAROLINA,NC,35.43325,-80.60115,NATURAL GAS,3596,
2017,PUBLIC SERVICE CO OF NORTH CAROLINA,NC,35.33238897,-81.91716979,NATURAL GAS,1.93,
2019,PUBLIC SERVICE CO OF NORTH CAROLINA,NC,35.574758,-82.502529,NATURAL GAS,504,
2020,PUBLIC SERVICE ELECTRIC & GAS CO,NJ,40.887121,-74.011547,NATURAL GAS,4.3,0
2021,PUBLIC SERVICE ELECTRIC & GAS CO,NJ,41.0148748,-74.034904,NATURAL GAS,27000,0
2019,PUBLIC SERVICE ELECTRIC & GAS CO,NJ,40.758888,-74.048278,,0,
2020,PUBLIC SERVICE ELECTRIC & GAS CO,NJ,40.7407324,-74.061145,NATURAL GAS,11346,
2016,PUBLIC SERVICE ELECTRIC & GAS CO,NJ,40.674182,-74.102086,,0,
2017,PUBLIC SERVICE ELECTRIC & GAS CO,NJ,40.946678,-74.146751,NATURAL GAS,54,
2010,PUBLIC SERVICE ELECTRIC & GAS CO,NJ,40.87962,-74.1748,NATURAL GAS,530,
2012,PUBLIC SERVICE ELECTRIC & GAS CO,NJ,40.770543,-74.229907,NATURAL GAS,,
2012,PUBLIC SERVICE ELECTRIC & GAS CO,NJ,40.74992,-74.24354,NATURAL GAS,,
2011,PUBLIC SERVICE ELECTRIC & GAS CO,NJ,40.98452,-74.28336,NATURAL GAS,114.42,
2013,PUBLIC SERVICE ELECTRIC & GAS CO,NJ,40.39461,-74.313117,NATURAL GAS,,
2010,PUBLIC SERVICE ELECTRIC & GAS CO,NJ,40.51114,-74.40806,NATURAL GAS,3682,
2019,PUBLIC SERVICE ELECTRIC & GAS CO,NJ,40.530747,-74.417316,,532.5,
2010,PUBLIC SERVICE ELECTRIC & GAS CO,NJ,40.41451,-74.59403,NATURAL GAS,3999.5,
2013,PUBLIC SERVICE ELECTRIC & GAS CO,NJ,40.367527,-74.656705,NATURAL GAS,206.643,
2018,PUBLIC SERVICE ELECTRIC & GAS CO,NJ,40.24815,-74.73595,NATURAL GAS,10,
2014,PUBLIC SERVICE ELECTRIC & GAS CO,NJ,40.27527,-74.83299,NATURAL GAS,11,
2019,PUGET SOUND ENERGY,WA,47.465604,-121.996208,NATURAL GAS,461.7,
2012,PUGET SOUND ENERGY,WA,47.662222,-122.143113,NATURAL GAS,,
2015,PUGET SOUND ENERGY,WA,47.580534,-122.1489,NATURAL GAS,13,
2015,PUGET SOUND ENERGY,WA,47.980522,-122.182205,NATURAL GAS,62.67,
2020,PUGET SOUND ENERGY,WA,47.19080341,-122.2937847,NATURAL GAS,913.32,
2017,PUGET SOUND ENERGY,WA,47.521368,-122.31218,NATURAL GAS,98.88,
2011,PUGET SOUND ENERGY,WA,47.7182699,-122.322723,NATURAL GAS,,
2011,PUGET SOUND ENERGY,WA,47.57274,-122.339778,NATURAL GAS,0,
2019,PUGET SOUND ENERGY,WA,47.703736,-122.343314,NATURAL GAS,110.16,
2016,PUGET SOUND ENERGY,WA,47.534412,-122.34774,NATURAL GAS,13.72,
2016,PUGET SOUND ENERGY,WA,47.690159,-122.355652,NATURAL GAS,46.52,
2013,PUGET SOUND ENERGY,WA,47.232115,-122.463065,NATURAL GAS,,
2018,PUGET SOUND ENERGY,WA,46.920087,-122.568257,NATURAL GAS,311.51,
2012,QUESTAR GAS COMPANY,WY,41.503408,-109.458665,NATURAL GAS,6.9,
2010,QUESTAR GAS COMPANY,UT,40.35894,-111.73885,NATURAL GAS,36,
2013,QUESTAR GAS COMPANY,UT,41.6008,-111.836,NATURAL GAS,32,
2016,QUESTAR GAS COMPANY,UT,41.25695,-111.94786,NATURAL GAS,4453.3,
2012,"RELIANT ENERGY ARKLA, DIV OF RELIANT ENERGY RESOURC",OK,35.5350894,-98.6800844,NATURAL GAS,157,
2011,"RICHMOND, CITY OF",VA,37.3006,-77.2618,NATURAL GAS,6,
2010,"RICHMOND, CITY OF",VA,37.56499,-77.38374,NATURAL GAS,0,
2010,"RICHMOND, CITY OF",VA,37.44182,-77.46601,NATURAL GAS,6,
2013,"RICHMOND, CITY OF",VA,37.632738,-77.585855,,,
2010,ROCHESTER GAS & ELECTRIC CORP,NY,43.1321423,-77.3910167,NATURAL GAS,,
2019,ROCHESTER GAS & ELECTRIC CORP,NY,43.15782,-77.559743,NATURAL GAS,0.9,
2016,ROCHESTER GAS & ELECTRIC CORP,NY,43.056667,-77.629766,NATURAL GAS,15.9,
2020,ROCHESTER GAS & ELECTRIC CORP,NY,43.16177787,-77.70871212,NATURAL GAS,1,0
2019,SAN DIEGO GAS & ELECTRIC CO,CA,33.008034,-117.046997,NATURAL GAS,1,
2020,SAN DIEGO GAS & ELECTRIC CO,CA,32.753253,-117.103524,NATURAL GAS,1500,
2015,SAN DIEGO GAS & ELECTRIC CO,CA,32.7148,-117.10982,NATURAL GAS,32,
2014,SAN DIEGO GAS & ELECTRIC CO,CA,32.71534,-117.11181,NATURAL GAS,20,
2010,SAN DIEGO GAS & ELECTRIC CO,CA,32.90867,-117.14829,NATURAL GAS,94,
2019,SAN DIEGO GAS & ELECTRIC CO,CA,32.734161,-117.14834,NATURAL GAS,300,
2016,SAN DIEGO GAS & ELECTRIC CO,CA,32.74378,-117.25346,NATURAL GAS,210,
2019,SAN DIEGO GAS & ELECTRIC CO,CA,32.78918,-117.254457,NATURAL GAS,268,
2018,SAVANNAH PUBLIC UTILITY DEPT,TN,35.195236,-88.243384,NATURAL GAS,1000,
2010,SCOTTSBORO WATER SEWER & GAS BOARD,AL,34.6118,-86.06668,NATURAL GAS,8,
2014,SEMCO ENERGY GAS COMPANY,MI,42.916603,-82.631324,NATURAL GAS,10,
2014,SEMCO ENERGY GAS COMPANY,MI,42.725605,-82.884546,NATURAL GAS,9800,
2020,SEMCO ENERGY GAS COMPANY,MI,42.95756,-86.01317,NATURAL GAS,1.252,0
2016,SEMCO ENERGY GAS COMPANY,MI,46.75156,-88.45619,NATURAL GAS,282,
2010,SEMSTREAM ARIZONA PROPANE LLC,AZ,36.90101,-111.45333,PROPANE GAS,354,
2019,SEVIER COUNTY UTIL DIST,TN,35.82937,-83.59339,NATURAL GAS,19.26,
2010,SOUTH CAROLINA ELECTRIC & GAS CO,SC,32.7908,-79.9461,NATURAL GAS,4.52,
2021,SOUTH JERSEY GAS CO,NJ,39.410421,-75.032218,NATURAL GAS,0,0
2012,SOUTH JERSEY GAS CO,NJ,39.823959,-75.052967,NATURAL GAS,100,
2016,SOUTH JERSEY GAS CO,NJ,39.66683,-75.488681,NATURAL GAS,19.7,
2015,SOUTH JERSEY GAS CO,NJ,39.661005,-75.514218,NATURAL GAS,9,
2012,SOUTHERN CALIFORNIA GAS CO,CA,33.707586,-116.242673,NATURAL GAS,42,
2012,SOUTHERN CALIFORNIA GAS CO,CA,33.789462,-116.431907,NATURAL GAS,1,
2017,SOUTHERN CALIFORNIA GAS CO,CA,33.93333,-116.89109,NATURAL GAS,40,
2017,SOUTHERN CALIFORNIA GAS CO,CA,33.72657,-116.943,NATURAL GAS,11,
2014,SOUTHERN CALIFORNIA GAS CO,CA,33.74404,-116.97504,NATURAL GAS,14,
2020,SOUTHERN CALIFORNIA GAS CO,CA,33.747426,-116.996123,NATURAL GAS,100.5,
2018,SOUTHERN CALIFORNIA GAS CO,CA,33.470207,-117.076163,NATURAL GAS,4265,
2013,SOUTHERN CALIFORNIA GAS CO,CA,33.49541,-117.1107,NATURAL GAS,13,
2019,SOUTHERN CALIFORNIA GAS CO,CA,33.597365,-117.211516,NATURAL GAS,9.47,
2017,SOUTHERN CALIFORNIA GAS CO,CA,33.90539,-117.22782,NATURAL GAS,25.43,
2013,SOUTHERN CALIFORNIA GAS CO,CA,34.01404,-117.34374,NATURAL GAS,2987,
2019,SOUTHERN CALIFORNIA GAS CO,CA,34.01256,-117.50705,NATURAL GAS,3250,
2017,SOUTHERN CALIFORNIA GAS CO,CA,34.14168,-117.59341,NATURAL GAS,225,
2015,SOUTHERN CALIFORNIA GAS CO,CA,33.87888,-117.65042,NATURAL GAS,861,
2017,SOUTHERN CALIFORNIA GAS CO,CA,34.04138,-117.67053,NATURAL GAS,0,
2014,SOUTHERN CALIFORNIA GAS CO,CA,34.08131,-117.68963,NATURAL GAS,548,
2012,SOUTHERN CALIFORNIA GAS CO,CA,34.083346,-117.724146,NATURAL GAS,1,
2016,SOUTHERN CALIFORNIA GAS CO,CA,33.843129,-117.742001,NATURAL GAS,62.7,
2019,SOUTHERN CALIFORNIA GAS CO,CA,33.97081,-117.7502,NATURAL GAS,2270,
2017,SOUTHERN CALIFORNIA GAS CO,CA,34.13882,-117.85605,NATURAL GAS,1,
2012,SOUTHERN CALIFORNIA GAS CO,CA,33.817803,-117.887265,NATURAL GAS,162,
2014,SOUTHERN CALIFORNIA GAS CO,CA,33.607372,-117.927783,NATURAL GAS,4021,
2020,SOUTHERN CALIFORNIA GAS CO,CA,35.134278,-117.929436,NATURAL GAS,47.1,0
2013,SOUTHERN CALIFORNIA GAS CO,CA,33.7882,-117.96869,NATURAL GAS,11,
2013,SOUTHERN CALIFORNIA GAS CO,CA,34.11289,-117.97437,NATURAL GAS,844,
2015,SOUTHERN CALIFORNIA GAS CO,CA,34.065478,-117.989361,NATURAL GAS,53,
2012,SOUTHERN CALIFORNIA GAS CO,CA,34.130389,-118.025013,NATURAL GAS,1,
2011,SOUTHERN CALIFORNIA GAS CO,CA,33.77388,-118.03905,NATURAL GAS,11032,
2015,SOUTHERN CALIFORNIA GAS CO,CA,34.05188,-118.062,NATURAL GAS,71,
2018,SOUTHERN CALIFORNIA GAS CO,CA,34.176875,-118.120736,NATURAL GAS,0.8,
2016,SOUTHERN CALIFORNIA GAS CO,CA,34.687412,-118.13067,NATURAL GAS,20,
2020,SOUTHERN CALIFORNIA GAS CO,CA,34.09499,-118.14232,NATURAL GAS,50.31,1077.43
2021,SOUTHERN CALIFORNIA GAS CO,CA,33.936905,-118.148063,NATURAL GAS,5825.38,0
2012,SOUTHERN CALIFORNIA GAS CO,CA,34.03382,-118.20324,NATURAL GAS,19,
2018,SOUTHERN CALIFORNIA GAS CO,CA,34.11119,-118.21657,NATURAL GAS,0,
2021,SOUTHERN CALIFORNIA GAS CO,CA,34.050989,-118.238064,NATURAL GAS,3289.24,21.778
2010,SOUTHERN CALIFORNIA GAS CO,CA,33.98678,-118.25964,NATURAL GAS,0,
2020,SOUTHERN CALIFORNIA GAS CO,CA,34.057975,-118.275783,NATURAL GAS,561,
2016,SOUTHERN CALIFORNIA GAS CO,CA,34.07168,-118.30192,NATURAL GAS,48,
2015,SOUTHERN CALIFORNIA GAS CO,CA,34.10379,-118.32954,NATURAL GAS,3185,
2017,SOUTHERN CALIFORNIA GAS CO,CA,33.983077,-118.334,NATURAL GAS,0,
2020,SOUTHERN CALIFORNIA GAS CO,CA,34.090417,-118.374357,NATURAL GAS,24.1,
2021,SOUTHERN CALIFORNIA GAS CO,CA,34.124885,-118.378316,NATURAL GAS,1252.6,237.3
2012,SOUTHERN CALIFORNIA GAS CO,CA,34.139668,-118.379288,NATURAL GAS,22,
2016,SOUTHERN CALIFORNIA GAS CO,CA,34.15533,-118.38139,NATURAL GAS,24,
2021,SOUTHERN CALIFORNIA GAS CO,CA,34.040663,-118.475559,NATURAL GAS,24982.92,2.06
2015,SOUTHERN CALIFORNIA GAS CO,CA,34.02732,-118.5016,NATURAL GAS,38,
2020,SOUTHERN CALIFORNIA GAS CO,CA,34.022791,-118.503475,NATURAL GAS,37.61,
2017,SOUTHERN CALIFORNIA GAS CO,CA,34.16021,-118.59018,NATURAL GAS,49,
2018,SOUTHERN CALIFORNIA GAS CO,CA,34.278506,-118.604442,NATURAL GAS,193,
2021,SOUTHERN CALIFORNIA GAS CO,CA,34.151299,-118.604681,NATURAL GAS,2735,0
2016,SOUTHERN CALIFORNIA GAS CO,CA,34.17725,-118.61455,NATURAL GAS,701,
2014,SOUTHERN CALIFORNIA GAS CO,CA,34.1508,-118.63572,NATURAL GAS,21,
2011,SOUTHERN CALIFORNIA GAS CO,CA,35.26534,-118.90854,NATURAL GAS,10,
2016,SOUTHERN CALIFORNIA GAS CO,CA,34.23735,-118.91729,NATURAL GAS,0,
2019,SOUTHERN CALIFORNIA GAS CO,CA,36.41281,-119.13352,NATURAL GAS,1534,
2018,SOUTHERN CALIFORNIA GAS CO,CA,34.242078,-119.157956,NATURAL GAS,139,
2020,SOUTHERN CALIFORNIA GAS CO,CA,36.4867,-119.2803,NATURAL GAS,503,
2016,SOUTHERN CALIFORNIA GAS CO,CA,36.31452,-119.30276,NATURAL GAS,0,
2017,SOUTHERN CALIFORNIA GAS CO,CA,36.5181,-119.58656,NATURAL GAS,2938,
2018,SOUTHERN CALIFORNIA GAS CO,CA,34.44606,-119.65253,NATURAL GAS,327,
2011,SOUTHERN CALIFORNIA GAS CO,CA,36.32798,-119.68401,NATURAL GAS,39,
2018,SOUTHERN CALIFORNIA GAS CO,CA,35.707755,-119.82419,NATURAL GAS,0.87,
2017,SOUTHERN CALIFORNIA GAS CO,CA,35.27515,-120.65664,NATURAL GAS,8,
2013,SOUTHERN CALIFORNIA GAS CO,CA,35.487738,-120.669109,NATURAL GAS,150,
2020,SOUTHERN CALIFORNIA GAS CO,CA,35.563724,-121.082395,NATURAL GAS,88.23,
2019,SOUTHWEST GAS CORP,AZ,32.2178,-110.83233,NATURAL GAS,249,
2014,SOUTHWEST GAS CORP,AZ,33.24877,-111.63506,NATURAL GAS,111,
2017,SOUTHWEST GAS CORP,AZ,33.41276,-111.64512,NATURAL GAS,187,
2014,SOUTHWEST GAS CORP,AZ,33.33881,-111.74895,NATURAL GAS,23,
2019,SOUTHWEST GAS CORP,AZ,33.46452,-111.92604,NATURAL GAS,219,
2021,SOUTHWEST GAS CORP,AZ,33.42151,-112.06494,NATURAL GAS,4614,0
2014,SOUTHWEST GAS CORP,AZ,33.46044,-112.16915,NATURAL GAS,446,
2017,SOUTHWEST GAS CORP,AZ,33.50884,-112.20291,NATURAL GAS,4,
2017,SOUTHWEST GAS CORP,AZ,33.55278,-112.20351,NATURAL GAS,207,
2017,SOUTHWEST GAS CORP,AZ,33.43812,-112.22179,NATURAL GAS,762,
2013,SOUTHWEST GAS CORP,AZ,33.58864,-112.22937,NATURAL GAS,2,
2019,SOUTHWEST GAS CORP,AZ,33.95882,-112.7118,NATURAL GAS,1070,
2015,SOUTHWEST GAS CORP,NV,35.99701,-114.93314,NATURAL GAS,0,
2013,SOUTHWEST GAS CORP,NV,36.19568,-115.07869,NATURAL GAS,0,
2014,SOUTHWEST GAS CORP,NV,36.19584,-115.1068,NATURAL GAS,,
2017,SOUTHWEST GAS CORP,NV,36.03489,-115.1102,NATURAL GAS,10,
2014,SOUTHWEST GAS CORP,NV,36.06031,-115.11143,NATURAL GAS,0,
2011,SOUTHWEST GAS CORP,NV,36.00706,-115.11393,NATURAL GAS,646,
2019,SOUTHWEST GAS CORP,NV,36.11406,-115.13796,NATURAL GAS,235,
2013,SOUTHWEST GAS CORP,NV,36.097244,-115.14579,NATURAL GAS,0,
2010,SOUTHWEST GAS CORP,NV,36.16131,-115.15177,NATURAL GAS,215,
2016,SOUTHWEST GAS CORP,NV,36.21789,-115.15418,NATURAL GAS,219,
2014,SOUTHWEST GAS CORP,NV,36.16656,-115.1556,NATURAL GAS,1435,
2018,SOUTHWEST GAS CORP,NV,36.13234,-115.16353,NATURAL GAS,30,
2020,SOUTHWEST GAS CORP,NV,36.13821,-115.19848,NATURAL GAS,1,0
2018,SOUTHWEST GAS CORP,NV,36.0881,-115.32332,NATURAL GAS,190,
2018,SOUTHWEST GAS CORP,NV,36.22191,-115.32369,NATURAL GAS,9,
2016,SOUTHWEST GAS CORP,NV,36.18097,-115.328,NATURAL GAS,1425,
2019,SOUTHWEST GAS CORP,CA,38.81815,-120.02029,NATURAL GAS,4,
2011,SOUTHWEST GAS CORP,CA,39.34868,-120.10775,NATURAL GAS,158,
2020,SPIRE ALABAMA INC.,AL,33.561626,-86.814843,NATURAL GAS,8000,
2019,SPIRE ALABAMA INC.,AL,33.51822,-86.81965,NATURAL GAS,128.22,
2018,SPIRE MISSOURI INC. EAST,MO,38.607848,-90.246456,NATURAL GAS,20657,
2018,SPIRE MISSOURI INC. EAST,MO,38.600054,-90.273915,NATURAL GAS,4654,
2019,SPIRE MISSOURI INC. EAST,MO,38.635086,-90.432765,NATURAL GAS,4.93,
2019,SPIRE MISSOURI INC. EAST,MO,38.607125,-90.585885,NATURAL GAS,118,
2020,SPIRE MISSOURI INC. WEST,MO,37.04427,-93.253877,NATURAL GAS,6224,
2018,SPIRE MISSOURI INC. WEST,MO,38.945987,-94.386923,NATURAL GAS,348.3,
2019,SPIRE MISSOURI INC. WEST,MO,36.599561,-94.449958,NATURAL GAS,74.49,
2019,SPIRE MISSOURI INC. WEST,MO,39.11662,-94.561447,NATURAL GAS,11780.48,
2018,SPIRE MISSOURI INC. WEST,MO,39.10005,-94.564111,NATURAL GAS,0.58,
2020,SPIRE MISSOURI INC. WEST,MO,39.244543,-94.590304,NATURAL GAS,100.59,0
2018,SUBURBAN PROPANE,CA,41.73243,-122.63827,PROPANE GAS,85,
2016,SUNRAY UTILITIES SYSTEM,TX,36.018809,-101.827624,NATURAL GAS,7,
2011,"SUPERIOR UTILITIES, CITY OF",NE,40.017804,-98.068415,NATURAL GAS,1024,
2012,"TEXAS COMMUNITY PROPANE, LTD.",TX,30.315239,-97.536654,PROPANE GAS,10,
2017,"TEXAS COMMUNITY PROPANE, LTD.",TX,30.35303,-98.08693,PROPANE GAS,88,
2012,TEXAS GAS SERVICE COMPANY,TX,30.3375,-97.73361,NATURAL GAS,,
2012,TEXAS GAS SERVICE COMPANY,TX,31.78078,-106.31386,NATURAL GAS,4.8,
2018,"TEXAS GAS SERVICE COMPANY, A DIVISION OF ONE GAS, INC.",TX,32.75876,-97.69826,NATURAL GAS,1024,
2019,"TEXAS GAS SERVICE COMPANY, A DIVISION OF ONE GAS, INC.",TX,30.389624,-97.74646,NATURAL GAS,1053,
2018,"TEXAS GAS SERVICE COMPANY, A DIVISION OF ONE GAS, INC.",TX,30.1848,-97.7597,NATURAL GAS,0,
2014,"TEXAS GAS SERVICE COMPANY, A DIVISION OF ONE GAS, INC.",TX,30.4484895,-97.8057337,,28,
2020,"TEXAS GAS SERVICE COMPANY, A DIVISION OF ONE GAS, INC.",TX,26.32707,-98.28078,NATURAL GAS,10000,0
2014,"TEXAS GAS SERVICE COMPANY, A DIVISION OF ONE GAS, INC.",TX,31.7587198,-106.4869314,,0,
2019,THE EMPIRE DISTRICT GAS COMPANY,MO,39.179792,-93.895058,NATURAL GAS,750,
2013,THE GAS COMPANY,HI,21.3863888,-158.14855,PROPANE GAS,5,
2010,"THE NATURAL GAS COMPANY, LLC",TX,29.74993,-94.84157,NATURAL GAS,63,
2011,"TOMBALL GAS DEPT, CITY OF",TX,30.081846,-95.630501,NATURAL GAS,,
2016,"TRUSSVILLE, UTILITIES BOARD, CITY OF",AL,33.63905,-86.5687,NATURAL GAS,5.3,
2013,TWO HARBORS CITY MUNICIPAL GAS DEPT,MN,47.03937773,-91.6677917,NATURAL GAS,9,
2018,"UGI CENTRAL PENN GAS, INC",PA,41.25732,-77.27101,NATURAL GAS,15992,
2014,UGI PENN NATURAL GAS,PA,41.469832,-75.608954,NATURAL GAS,3534,
2014,UGI PENN NATURAL GAS,PA,41.414137,-75.625221,NATURAL GAS,395,
2017,UGI PENN NATURAL GAS,PA,41.24539978,-75.86124569,NATURAL GAS,834,
2020,"UGI UTILITIES, INC",PA,41.095368,-75.326474,NATURAL GAS,975,0
2016,"UGI UTILITIES, INC",PA,40.6986,-75.3927,NATURAL GAS,10000,
2011,"UGI UTILITIES, INC",PA,40.60709,-75.48794,NATURAL GAS,25,
2011,"UGI UTILITIES, INC",PA,40.0084,-76.3583,NATURAL GAS,729,
2017,"UGI UTILITIES, INC",PA,39.99802,-76.37392,NATURAL GAS,120,
2021,"UGI UTILITIES, INC",PA,40.33907,-76.42664,NATURAL GAS,1.8,0
2019,"UGI UTILITIES, INC",PA,40.2841,-76.6544,NATURAL GAS,225,
2018,"UNION UTILITY DEPT, CITY OF",SC,34.7186781,-81.6378851,NATURAL GAS,2,
2010,UNISOURCE ENERGY SERVICES,AZ,34.10934,-109.8601,NATURAL GAS,14,
2017,UNISOURCE ENERGY SERVICES,AZ,34.152476,-109.973736,NATURAL GAS,47,
2013,UNISOURCE ENERGY SERVICES,AZ,34.575791,-112.441977,NATURAL GAS,5.06,
2017,VECTREN ENERGY DELIVERY OF OHIO,OH,40.347,-83.767,NATURAL GAS,345,
2017,VECTREN ENERGY DELIVERY OF OHIO,OH,40.28656,-84.125627,NATURAL GAS,87,
2011,VECTREN ENERGY DELIVERY OF OHIO,OH,39.75647,-84.18146,NATURAL GAS,8,
2017,"VICKSBURG, CITY OF",MS,32.313615,-90.862901,NATURAL GAS,10.52,
2011,VIRGINIA NATURAL GAS,VA,36.79412,-75.99687,NATURAL GAS,2909,
2015,VIRGINIA NATURAL GAS,VA,36.769017,-76.013322,NATURAL GAS,68,
2021,VIRGINIA NATURAL GAS,VA,36.840245,-76.137112,NATURAL GAS,21221.53,11
2014,VIRGINIA NATURAL GAS,VA,36.77407,-76.1807,NATURAL GAS,2674,
2020,VIRGINIA NATURAL GAS,VA,37.124201,-76.532021,NATURAL GAS,4442.76,6.916
2019,VIRGINIA NATURAL GAS,VA,37.507892,-77.184236,NATURAL GAS,818,
2010,"WALDEN, TOWN OF",CO,40.72945,-106.278968,NATURAL GAS,100,
2019,WARNER ROBINS GAS SYSTEM,GA,32.454706,-83.620262,NATURAL GAS,2300,
2019,WASHINGTON GAS LIGHT CO,MD,38.902275,-76.845593,NATURAL GAS,4832,
2010,WASHINGTON GAS LIGHT CO,MD,39.06433,-76.85888,NATURAL GAS,1,
2013,WASHINGTON GAS LIGHT CO,MD,39.05935,-76.887289,,,
2011,WASHINGTON GAS LIGHT CO,MD,38.99176,-76.92526,NATURAL GAS,50,
2010,WASHINGTON GAS LIGHT CO,DC,38.9092,-76.9321,NATURAL GAS,5,
2011,WASHINGTON GAS LIGHT CO,MD,39.05235,-76.94492,NATURAL GAS,17,
2011,WASHINGTON GAS LIGHT CO,MD,38.94869,-76.94807,NATURAL GAS,56,
2010,WASHINGTON GAS LIGHT CO,MD,38.96176,-76.96484,NATURAL GAS,5,
2011,WASHINGTON GAS LIGHT CO,MD,38.80943,-76.98805,NATURAL GAS,0.5,
2016,WASHINGTON GAS LIGHT CO,MD,38.998431,-77.001087,,38,
2019,WASHINGTON GAS LIGHT CO,DC,38.876062,-77.010649,,91.51,
2012,WASHINGTON GAS LIGHT CO,DC,38.90999,-77.02786,NATURAL GAS,2.89,
2012,WASHINGTON GAS LIGHT CO,DC,38.92603,-77.03064,NATURAL GAS,12,
2014,WASHINGTON GAS LIGHT CO,VA,38.746189,-77.092148,NATURAL GAS,1.8,
2021,WASHINGTON GAS LIGHT CO,MD,39.048505,-77.119242,NATURAL GAS,1754,0
2010,WASHINGTON GAS LIGHT CO,VA,38.84606,-77.13995,NATURAL GAS,5,
2021,WASHINGTON GAS LIGHT CO,VA,38.45199,-77.1425,NATURAL GAS,800,0
2010,WASHINGTON GAS LIGHT CO,MD,39.04272,-77.17866,NATURAL GAS,,
2011,WASHINGTON GAS LIGHT CO,MD,39.255215,-77.274962,NATURAL GAS,11339,
2016,WASHINGTON GAS LIGHT CO,VA,38.646504,-77.277534,NATURAL GAS,1.68,
2019,WASHINGTON GAS LIGHT CO,VA,38.796653,-77.325328,,239,
2020,WASHINGTON GAS LIGHT CO,VA,39.024972,-77.391685,NATURAL GAS,7593.9,
2010,WASHINGTON GAS LIGHT CO,VA,38.88067,-77.42052,NATURAL GAS,6,
2018,WASHINGTON GAS LIGHT CO,VA,39.172587,-78.127344,NATURAL GAS,36.89,
2014,"WASHINGTON PARISH, GAS UTIL DIST # 2 OF",LA,30.87625,-90.00519,NATURAL GAS,36,
2012,WAUKEE MUNICIPAL GAS,IA,41.60969499,-93.88878899,NATURAL GAS,,
2015,WEST TEXAS GAS INC,TX,35.429724,-101.16921,NATURAL GAS,125,
2020,WEST TEXAS GAS INC,TX,34.021335,-101.527029,NATURAL GAS,50,
2014,WISCONSIN ELECTRIC POWER COMPANY DBA WE ENERGIES,WI,42.49951,-88.27437,NATURAL GAS,6.48,
2018,WISCONSIN GAS LLC DBA WE ENERGIES,WI,43.18331,-89.21366,NATURAL GAS,600,
2015,WISCONSIN GAS LLC DBA WE ENERGIES,WI,45.136,-90.3428,NATURAL GAS,339,
2019,WISCONSIN GAS LLC DBA WE ENERGIES,WI,45.775836,-92.68384,NATURAL GAS,195,
2011,YANKEE GAS SERVICES CO,CT,41.84811,-72.60319,NATURAL GAS,26,
2013,YANKEE GAS SERVICES CO,CT,41.537557,-73.024394,NATURAL GAS,3,
2013,YANKEE GAS SERVICES CO,CT,41.41754,-73.368561,NATURAL GAS,600,
2017,ZIA NATURAL GAS CO,NM,33.32378,-105.65083,NATURAL GAS,57,
2012,ZIA NATURAL GAS CO,NM,32.34882,-106.8312,NATURAL GAS,2,